年份,地区,文本总词频,环保词频_总计,环保词频_污染防治,环保词频_绿色低碳,环保词频_生态保护,环保词频_环境监管,环境规制强度_Z1
2013,三亚市,3599,69,13,11,18,27,1.9171992220061127
2014,三亚市,4426,78,10,8,27,33,1.762313601446001
2015,三亚市,4611,76,9,10,25,32,1.6482324875298202
2016,三亚市,4973,84,19,12,31,22,1.6891212547757894
2017,三亚市,3903,70,12,7,24,27,1.7934921854983348
2018,三亚市,5231,110,18,15,39,38,2.1028484037468935
2019,三亚市,6402,116,15,12,37,52,1.8119337706966572
2020,三亚市,6016,95,8,5,24,58,1.5791223404255321
2021,三亚市,8654,131,14,17,37,63,1.5137508666512596
2022,三亚市,8430,148,12,16,55,65,1.755634638196916
2023,三亚市,7307,107,11,12,39,45,1.464349254139866
2013,上海市,5768,59,1,10,14,34,1.022884882108183
2014,上海市,4956,62,6,9,15,32,1.2510088781275222
2015,上海市,5357,67,4,11,11,41,1.2507000186671644
2016,上海市,5891,73,2,15,13,43,1.2391784077406214
2017,上海市,4912,73,5,9,11,48,1.4861563517915308
2018,上海市,6797,95,4,15,26,50,1.3976754450492865
2019,上海市,4899,63,4,11,12,36,1.2859767299448868
2020,上海市,4963,72,5,17,13,37,1.450735442272819
2021,上海市,6190,72,5,14,20,33,1.1631663974151858
2022,上海市,6477,93,7,29,21,36,1.4358499305233905
2023,上海市,7073,95,9,33,20,33,1.343135868796833
2013,东莞市,4179,60,4,4,15,37,1.4357501794687724
2014,东莞市,4803,72,12,9,20,31,1.499063085571518
2015,东莞市,5466,69,10,10,16,33,1.2623490669593853
2016,东莞市,5424,68,12,17,14,25,1.2536873156342183
2017,东莞市,7385,112,22,12,28,50,1.5165876777251186
2018,东莞市,6817,95,18,5,25,47,1.3935748863136277
2019,东莞市,6961,105,20,6,25,54,1.5084039649475651
2020,东莞市,4468,40,4,6,6,24,0.8952551477170994
2021,东莞市,7617,107,16,12,28,51,1.4047525272416963
2022,东莞市,6406,102,10,28,22,42,1.5922572588198562
2023,东莞市,5323,62,6,17,10,29,1.1647567161375165
2013,中山市,4367,59,10,15,17,17,1.3510419051980764
2014,中山市,4567,87,6,15,30,36,1.9049704401138603
2015,中山市,4589,73,11,12,23,27,1.5907605142732621
2016,中山市,5397,90,6,18,28,38,1.6675931072818233
2017,中山市,5466,98,5,15,32,46,1.7929015733626052
2018,中山市,6469,104,11,18,20,55,1.607667336528057
2019,中山市,6061,104,16,11,37,40,1.7158884672496286
2020,中山市,4467,63,14,3,15,31,1.4103425117528543
2021,中山市,7453,78,15,12,25,26,1.046558432845834
2022,中山市,5480,93,21,20,22,30,1.6970802919708028
2023,中山市,5618,82,15,19,18,30,1.4595941616233536
2013,临沂市,6177,105,16,17,38,34,1.6998542982030111
2014,临沂市,4681,78,15,18,21,24,1.6663106173894469
2015,临沂市,4836,62,8,8,15,31,1.282051282051282
2016,临沂市,4928,72,9,18,18,27,1.461038961038961
2017,临沂市,4741,62,9,12,22,19,1.3077409829149969
2018,临沂市,4407,65,8,10,24,23,1.4749262536873156
2019,临沂市,4879,52,5,7,18,22,1.0657921705267475
2020,临沂市,6928,82,14,12,19,37,1.1836027713625865
2021,临沂市,6898,57,7,6,17,27,0.8263264714409974
2022,临沂市,6258,77,13,20,26,18,1.2304250559284116
2023,临沂市,4973,56,7,18,17,14,1.1260808365171928
2014,乌鲁木齐市,5944,87,9,13,28,37,1.4636608344549127
2015,乌鲁木齐市,5348,82,10,12,18,42,1.5332834704562455
2016,乌鲁木齐市,7038,107,11,20,27,49,1.5203182722364308
2017,乌鲁木齐市,7072,86,13,18,30,25,1.2160633484162897
2018,乌鲁木齐市,6750,97,6,13,37,41,1.4370370370370371
2019,乌鲁木齐市,7014,135,19,19,40,57,1.924721984602224
2020,乌鲁木齐市,6962,112,17,11,37,47,1.6087331226659007
2021,乌鲁木齐市,9372,111,12,26,28,45,1.1843790012804098
2022,乌鲁木齐市,7802,129,7,42,34,46,1.6534221994360423
2023,乌鲁木齐市,5037,113,13,36,32,32,2.243398848520945
2013,九江市,6616,100,9,12,30,49,1.5114873035066507
2014,九江市,5590,65,11,11,21,22,1.1627906976744187
2015,九江市,5824,105,11,12,34,48,1.8028846153846152
2016,九江市,6411,125,8,24,55,38,1.9497738262361568
2017,九江市,4555,103,7,19,32,45,2.261251372118551
2018,九江市,5378,109,8,20,34,47,2.026775753068055
2019,九江市,6677,127,9,19,34,65,1.9020518196794969
2020,九江市,6011,85,12,8,15,50,1.414074197304941
2021,九江市,6002,90,14,17,27,32,1.4995001666111296
2022,九江市,3994,67,6,21,18,22,1.6775162744116174
2023,九江市,4332,85,12,21,24,28,1.9621421975992612
2013,佛山市,6124,87,4,18,22,43,1.4206401045068584
2014,佛山市,6334,102,10,24,25,43,1.61035680454689
2015,佛山市,5586,94,12,18,19,45,1.6827783745076978
2016,佛山市,6107,99,9,19,28,43,1.6210905518257737
2017,佛山市,7255,97,7,15,29,46,1.3370089593383874
2018,佛山市,7878,126,11,26,32,57,1.5993907083015995
2019,佛山市,7696,118,16,21,22,59,1.5332640332640333
2020,佛山市,4827,51,9,14,12,16,1.0565568676196395
2021,佛山市,7912,93,14,25,24,30,1.1754297269969667
2022,佛山市,7714,121,14,29,40,38,1.5685766139486648
2023,佛山市,7987,117,14,27,37,39,1.4648804306998875
2013,保定市,4541,91,14,30,16,31,2.0039638846069145
2014,保定市,4739,89,17,28,15,29,1.8780333403671663
2015,保定市,5445,97,14,22,35,26,1.7814508723599631
2016,保定市,5917,112,15,22,37,38,1.8928511069798883
2017,保定市,6350,119,19,9,55,36,1.8740157480314963
2018,保定市,5872,96,14,9,32,41,1.6348773841961852
2019,保定市,6308,101,14,11,32,44,1.601141407736208
2020,保定市,3710,71,10,8,24,29,1.9137466307277629
2021,保定市,8566,148,14,15,75,44,1.7277609152463225
2022,保定市,6904,81,13,26,21,21,1.1732329084588644
2023,保定市,8331,115,8,47,30,30,1.3803865082223021
2013,兰州市,2984,51,10,10,12,19,1.7091152815013406
2014,兰州市,2489,25,8,7,3,7,1.004419445560466
2015,兰州市,3339,39,13,7,0,19,1.1680143755615455
2016,兰州市,3054,40,5,6,16,13,1.309757694826457
2017,兰州市,6117,84,3,14,25,42,1.373222167729279
2019,兰州市,7814,135,17,13,55,50,1.7276682876887637
2020,兰州市,6033,105,13,13,49,30,1.74042764793635
2021,兰州市,7702,152,16,30,65,41,1.973513373149831
2022,兰州市,7644,138,14,36,52,36,1.805337519623234
2023,兰州市,6256,65,7,21,15,22,1.039002557544757
2013,包头市,6802,117,17,14,40,46,1.720082328726845
2014,包头市,3310,57,8,8,21,20,1.7220543806646524
2015,包头市,5493,85,9,17,15,44,1.5474239941744037
2016,包头市,6766,117,12,40,38,27,1.7292344073307715
2017,包头市,6829,100,6,21,29,44,1.464343242055938
2018,包头市,7257,150,15,35,57,43,2.066969822240595
2019,包头市,6861,115,13,33,22,47,1.6761405042996649
2020,包头市,5528,97,14,16,30,37,1.7547033285094067
2021,包头市,6077,132,19,31,35,47,2.172124403488563
2022,包头市,9428,172,15,72,41,44,1.824352991090369
2023,包头市,7162,120,6,59,29,26,1.6755096341803963
2013,北京市,5981,102,7,29,31,35,1.7054004347099145
2014,北京市,6040,106,9,18,25,54,1.7549668874172186
2015,北京市,5638,99,14,13,25,47,1.7559418233416106
2016,北京市,6651,113,12,33,36,32,1.6989926326868139
2017,北京市,5410,124,19,15,35,55,2.292051756007394
2018,北京市,6887,117,9,12,43,53,1.6988529112821258
2019,北京市,6980,147,13,18,40,76,2.1060171919770774
2020,北京市,8160,125,12,13,35,65,1.531862745098039
2021,北京市,4876,71,5,15,20,31,1.4561115668580804
2022,北京市,4152,48,1,8,17,22,1.1560693641618496
2023,北京市,5410,80,5,20,32,23,1.478743068391867
2013,南京市,5068,97,7,14,36,40,1.9139700078926598
2014,南京市,4963,96,12,11,25,48,1.934313923030425
2015,南京市,5699,118,15,9,30,64,2.0705386909984207
2016,南京市,6051,120,15,26,31,48,1.983143282102132
2017,南京市,6700,112,11,16,41,44,1.671641791044776
2018,南京市,7797,139,22,20,46,51,1.7827369501090162
2019,南京市,6524,99,14,11,23,51,1.5174739423666463
2020,南京市,6129,96,11,4,23,58,1.5663240332843857
2021,南京市,6686,97,15,12,26,44,1.4507927011666168
2022,南京市,5816,76,7,18,27,24,1.3067400275103165
2023,南京市,5917,99,9,32,25,33,1.673145174919723
2013,南充市,2290,35,7,5,12,11,1.5283842794759825
2014,南充市,3602,27,5,5,9,8,0.7495835646862854
2015,南充市,3296,35,5,5,11,14,1.0618932038834952
2016,南充市,4290,41,6,7,21,7,0.9557109557109558
2017,南充市,5924,97,11,21,48,17,1.637407157326131
2018,南充市,5147,72,10,14,16,32,1.3988731299786283
2019,南充市,6195,84,8,24,13,39,1.3559322033898304
2020,南充市,6366,94,13,17,25,39,1.4765944077913917
2021,南充市,7894,139,19,31,36,53,1.7608310108943501
2022,南充市,6135,106,15,26,28,37,1.7277913610431948
2023,南充市,6302,103,11,34,16,42,1.634401777213583
2014,南宁市,6398,73,11,5,24,33,1.14098155673648
2016,南宁市,9361,124,20,12,41,51,1.3246448029056725
2017,南宁市,8605,99,18,13,33,35,1.1504938988959905
2018,南宁市,8483,115,12,18,41,44,1.3556524814334552
2019,南宁市,6783,89,15,13,19,42,1.3121037888839746
2020,南宁市,4524,31,5,6,7,13,0.6852343059239611
2021,南宁市,6038,62,8,18,15,21,1.0268300761841669
2022,南宁市,7863,102,10,38,12,42,1.2972148035101108
2023,南宁市,7620,88,6,42,15,25,1.1548556430446193
2013,南昌市,3660,69,7,8,12,42,1.8852459016393444
2014,南昌市,4277,60,11,8,19,22,1.402852466682254
2015,南昌市,4565,74,9,7,13,45,1.6210295728368018
2016,南昌市,5303,82,6,26,22,28,1.5462945502545729
2017,南昌市,5130,65,17,9,11,28,1.267056530214425
2018,南昌市,6600,120,10,22,36,52,1.8181818181818181
2019,南昌市,7914,130,19,19,23,69,1.6426585797321203
2020,南昌市,6863,130,20,14,34,62,1.894215357715285
2021,南昌市,7157,112,17,14,24,57,1.564901495039821
2022,南昌市,6068,87,7,21,22,37,1.4337508239947263
2023,南昌市,6039,122,10,17,43,52,2.0202020202020203
2013,南通市,5385,86,5,10,17,54,1.5970287836583101
2014,南通市,5459,86,9,13,26,38,1.575380106246565
2015,南通市,5594,97,6,13,21,57,1.734000715051841
2016,南通市,6036,91,6,15,30,40,1.5076209410205434
2017,南通市,5953,110,14,18,33,45,1.8478078279858896
2018,南通市,5965,148,23,10,41,74,2.4811399832355407
2019,南通市,5283,106,22,9,24,51,2.00643573727049
2020,南通市,5377,95,17,10,21,47,1.76678445229682
2021,南通市,5981,96,20,16,28,32,1.6050827620799197
2022,南通市,5975,91,13,15,27,36,1.5230125523012552
2023,南通市,5709,90,8,30,20,32,1.5764582238570677
2013,厦门市,4553,64,6,14,17,27,1.4056665934548649
2014,厦门市,4537,56,4,8,22,22,1.2342957901697156
2015,厦门市,4330,58,11,9,20,18,1.3394919168591224
2016,厦门市,5418,90,11,14,36,29,1.6611295681063125
2017,厦门市,4862,94,15,22,25,32,1.9333607568901685
2018,厦门市,4942,47,9,4,12,22,0.9510319708619992
2019,厦门市,5435,76,16,5,19,36,1.3983440662373505
2020,厦门市,5285,89,18,5,19,47,1.6840113528855252
2021,厦门市,5299,65,10,7,22,26,1.2266465370824684
2022,厦门市,5162,80,7,14,24,35,1.5497869043006587
2023,厦门市,4822,51,4,8,20,19,1.0576524263790958
2013,台州市,5669,104,16,11,25,52,1.8345387193508553
2014,台州市,5583,103,20,6,27,50,1.8448862618663802
2015,台州市,6103,89,20,5,27,37,1.4582991971161725
2016,台州市,2607,51,8,7,18,18,1.9562715765247412
2017,台州市,6418,65,4,6,14,41,1.0127765659083825
2018,台州市,6066,72,6,5,28,33,1.1869436201780417
2019,台州市,5439,48,4,4,12,28,0.882515168229454
2020,台州市,4697,48,6,4,12,26,1.0219288907813497
2021,台州市,5466,37,3,3,11,20,0.676911818514453
2022,台州市,5845,82,3,24,11,44,1.4029084687767324
2023,台州市,5691,77,4,22,23,28,1.3530135301353015
2013,合肥市,6499,123,15,25,38,45,1.8925988613632867
2014,合肥市,1804,28,5,3,7,13,1.5521064301552108
2015,合肥市,5736,102,13,19,35,35,1.778242677824268
2016,合肥市,6844,104,14,27,33,30,1.5195791934541203
2017,合肥市,5217,95,14,13,35,33,1.820969906076289
2018,合肥市,6213,111,13,19,39,40,1.7865765330758085
2019,合肥市,5085,89,16,14,20,39,1.7502458210422813
2020,合肥市,4908,74,15,6,24,29,1.5077424612876935
2021,合肥市,6672,116,16,20,44,36,1.738609112709832
2022,合肥市,6653,97,14,23,31,29,1.4579888771982563
2023,合肥市,6178,98,9,28,31,30,1.5862738750404664
2013,吉安市,5264,86,15,10,28,33,1.6337386018237081
2014,吉安市,6327,82,8,18,38,18,1.2960328749802434
2015,吉安市,6612,99,15,13,41,30,1.4972776769509981
2016,吉安市,6323,95,12,19,45,19,1.5024513680215088
2017,吉安市,4210,86,8,20,32,26,2.0427553444180524
2018,吉安市,5596,104,9,14,41,40,1.858470335954253
2019,吉安市,5431,86,5,15,36,30,1.5835021174737618
2020,吉安市,5942,79,12,15,24,28,1.3295186805789296
2021,吉安市,5757,93,14,18,25,36,1.6154247003647733
2022,吉安市,5671,101,10,25,31,35,1.7809910068770938
2023,吉安市,5812,91,8,27,29,27,1.565726083964212
2013,吉林市,6375,63,10,12,11,30,0.9882352941176471
2014,吉林市,4273,47,7,18,4,18,1.0999297917154225
2015,吉林市,3788,30,4,1,6,19,0.791974656810982
2016,吉林市,5021,61,7,6,26,22,1.2148974307906792
2017,吉林市,5168,56,4,7,25,20,1.08359133126935
2018,吉林市,4835,78,10,13,18,37,1.6132368148914167
2019,吉林市,5612,80,7,15,17,41,1.4255167498218104
2020,吉林市,5185,84,12,13,11,48,1.6200578592092574
2021,吉林市,4859,63,6,8,21,28,1.296563078822803
2022,吉林市,6199,98,13,24,35,26,1.5809001451847073
2023,吉林市,5445,83,10,16,28,29,1.5243342516069789
2013,呼和浩特市,5765,78,10,13,29,26,1.3529921942758023
2014,呼和浩特市,6050,72,10,13,23,26,1.1900826446280992
2015,呼和浩特市,6006,64,8,16,15,25,1.0656010656010655
2016,呼和浩特市,6735,101,11,25,45,20,1.4996288047512991
2017,呼和浩特市,6407,107,9,32,39,27,1.6700483845793663
2018,呼和浩特市,6885,68,8,9,20,31,0.9876543209876543
2019,呼和浩特市,6785,89,15,13,19,42,1.3117170228445099
2020,呼和浩特市,4945,104,14,22,35,33,2.1031344792719917
2021,呼和浩特市,4953,103,10,13,48,32,2.0795477488390874
2022,呼和浩特市,5707,97,9,27,36,25,1.6996670755212897
2023,呼和浩特市,4340,66,12,17,17,20,1.5207373271889402
2013,哈尔滨市,5420,73,9,9,25,30,1.3468634686346863
2014,哈尔滨市,6048,64,11,6,17,30,1.0582010582010581
2015,哈尔滨市,6066,55,9,5,13,28,0.9066930431915594
2016,哈尔滨市,6490,78,8,19,23,28,1.2018489984591678
2017,哈尔滨市,6570,64,3,8,18,35,0.9741248097412482
2018,哈尔滨市,6019,80,8,11,18,43,1.3291244392756272
2019,哈尔滨市,5572,69,8,5,15,41,1.2383345297918162
2020,哈尔滨市,6025,70,8,8,11,43,1.161825726141079
2021,哈尔滨市,5428,33,4,2,7,20,0.6079587324981577
2022,哈尔滨市,4915,75,9,20,23,23,1.5259409969481181
2023,哈尔滨市,3522,54,10,9,8,27,1.5332197614991483
2013,唐山市,4385,66,12,9,21,24,1.5051311288483467
2014,唐山市,4630,61,8,7,20,26,1.3174946004319654
2015,唐山市,5006,60,9,5,15,31,1.1985617259288852
2016,唐山市,6626,71,12,13,32,14,1.0715363718683972
2017,唐山市,3533,34,7,4,12,11,0.9623549391452024
2018,唐山市,3080,59,15,13,12,19,1.9155844155844155
2019,唐山市,3276,54,18,5,17,14,1.6483516483516485
2020,唐山市,2605,38,10,3,12,13,1.45873320537428
2021,唐山市,3853,65,8,18,22,17,1.6869971450817545
2022,唐山市,3864,50,5,15,11,19,1.2939958592132506
2023,唐山市,3196,41,7,11,15,8,1.2828535669586982
2013,嘉兴市,4154,82,15,16,18,33,1.974000962927299
2014,嘉兴市,4232,62,15,8,7,32,1.4650283553875236
2015,嘉兴市,4670,85,23,10,14,38,1.8201284796573876
2016,嘉兴市,4801,93,24,14,14,41,1.9370964382420328
2017,嘉兴市,4996,80,17,13,12,38,1.6012810248198557
2018,嘉兴市,4778,79,12,19,11,37,1.6534114692339892
2019,嘉兴市,4717,68,16,6,15,31,1.4415942336230656
2020,嘉兴市,4705,65,13,6,17,29,1.381509032943677
2021,嘉兴市,5299,73,12,14,19,28,1.3776184185695415
2022,嘉兴市,6023,93,6,20,28,39,1.54408102274614
2023,嘉兴市,5664,93,5,33,22,33,1.641949152542373
2013,大同市,4566,100,14,21,33,32,2.190100744634253
2014,大同市,4086,87,7,17,24,39,2.129221732745962
2015,大同市,5336,85,9,23,12,41,1.592953523238381
2016,大同市,5189,80,6,22,26,26,1.5417228753131624
2017,大同市,4846,89,6,36,27,20,1.8365662401981016
2018,大同市,6224,82,7,36,21,18,1.3174807197943446
2019,大同市,6610,110,9,36,27,38,1.6641452344931922
2020,大同市,8206,151,11,61,43,36,1.840116987570071
2021,大同市,5933,107,6,40,34,27,1.803472105174448
2022,大同市,6303,106,8,29,50,19,1.6817388545137237
2023,大同市,6194,76,9,24,29,14,1.2269938650306749
2013,大连市,4771,59,4,22,12,21,1.2366380213791657
2014,大连市,3340,42,2,9,14,17,1.2574850299401197
2015,大连市,5229,50,5,10,10,25,0.9562057754828839
2016,大连市,5774,59,2,18,13,26,1.0218219605126428
2017,大连市,5319,76,4,15,14,43,1.4288400075202106
2018,大连市,6327,94,7,21,25,41,1.4856962225383277
2019,大连市,6892,91,9,11,16,55,1.3203714451538016
2020,大连市,7567,57,11,5,11,30,0.7532707810228624
2021,大连市,6938,68,8,14,17,29,0.9801095416546555
2022,大连市,7226,100,12,32,20,36,1.3838915029061722
2023,大连市,7022,116,12,42,33,29,1.6519510111079465
2013,天津市,5483,77,13,17,28,19,1.4043406894036112
2014,天津市,4789,85,13,15,21,36,1.7749008143662561
2015,天津市,4223,81,15,13,15,38,1.918067724366564
2016,天津市,4422,80,8,21,25,26,1.8091361374943467
2017,天津市,4399,65,8,10,16,31,1.4776085473971357
2018,天津市,5634,108,18,27,30,33,1.9169329073482428
2019,天津市,6257,119,19,14,44,42,1.9018699057056097
2020,天津市,5936,108,17,10,42,39,1.8194070080862534
2021,天津市,5838,91,10,16,36,29,1.5587529976019185
2022,天津市,6847,102,14,29,34,25,1.4897035197896888
2023,天津市,8056,101,10,32,31,28,1.2537239324726912
2013,太原市,3221,57,11,6,16,24,1.769636758770568
2014,太原市,3263,52,17,6,19,10,1.593625498007968
2015,太原市,3213,48,14,5,9,20,1.4939309056956116
2016,太原市,3957,69,12,13,22,22,1.7437452615617892
2017,太原市,4294,94,13,22,23,36,2.1891010712622263
2018,太原市,3468,56,9,9,19,19,1.6147635524798154
2019,太原市,5223,68,10,14,12,32,1.3019337545471952
2020,太原市,5250,66,17,13,20,16,1.2571428571428571
2021,太原市,6128,62,9,11,23,19,1.0117493472584858
2022,太原市,6096,79,8,19,29,23,1.2959317585301837
2023,太原市,5818,69,11,17,23,18,1.1859745617050534
2013,威海市,4681,73,11,9,25,28,1.5594958342234566
2014,威海市,4837,80,11,8,27,34,1.6539177175935498
2015,威海市,5082,75,12,8,19,36,1.475796930342385
2016,威海市,5706,83,11,11,31,30,1.454609183315808
2017,威海市,5777,58,5,3,17,33,1.0039813051756967
2018,威海市,7126,122,12,13,37,60,1.7120404153802977
2019,威海市,7748,106,8,6,45,47,1.3680949922560661
2020,威海市,7268,95,15,6,38,36,1.3070996147495872
2021,威海市,6211,83,4,14,23,42,1.336338753823861
2022,威海市,6427,92,5,24,27,36,1.4314610238058192
2023,威海市,6020,78,7,36,21,14,1.2956810631229236
2013,宁波市,4541,71,7,17,18,29,1.5635322616163843
2014,宁波市,5342,103,24,13,26,40,1.9281168101834518
2015,宁波市,4854,68,8,8,16,36,1.4009064688916357
2016,宁波市,5605,86,12,18,26,30,1.5343443354148083
2017,宁波市,6981,114,15,23,36,40,1.633003867640739
2018,宁波市,5522,67,7,11,15,34,1.2133285041651576
2019,宁波市,5820,59,8,9,8,34,1.013745704467354
2020,宁波市,6267,62,9,3,16,34,0.9893090793042923
2021,宁波市,7179,85,10,15,31,29,1.1840089148906532
2022,宁波市,6569,87,6,22,20,39,1.3244024965748211
2023,宁波市,7431,97,5,30,20,42,1.3053424841878616
2013,安庆市,4841,72,9,10,18,35,1.4872960132204092
2014,安庆市,4129,62,9,6,22,25,1.5015742310486802
2015,安庆市,4114,59,11,10,15,23,1.4341273699562471
2016,安庆市,4640,70,12,19,17,22,1.5086206896551724
2017,安庆市,4269,75,9,23,14,29,1.7568517217146873
2018,安庆市,6709,131,10,46,24,51,1.9526009837531673
2019,安庆市,4300,74,8,9,25,32,1.7209302325581395
2020,安庆市,4492,76,15,5,21,35,1.6918967052537845
2021,安庆市,7476,119,12,17,45,45,1.5917602996254683
2022,安庆市,3556,68,15,11,17,25,1.9122609673790776
2023,安庆市,6913,114,14,36,31,33,1.6490669752639953
2013,宜宾市,6296,68,11,10,18,29,1.0800508259212198
2014,宜宾市,5642,84,12,11,24,37,1.488833746898263
2015,宜宾市,5833,73,11,7,17,38,1.251500085719184
2016,宜宾市,6661,106,14,35,22,35,1.5913526497522894
2017,宜宾市,6828,107,9,22,31,45,1.5670767428236674
2018,宜宾市,6526,120,11,16,42,51,1.8387986515476555
2019,宜宾市,7795,131,13,23,52,43,1.6805644644002564
2020,宜宾市,7236,112,14,10,42,46,1.5478164731896076
2021,宜宾市,7841,116,14,21,51,30,1.4794031373549292
2022,宜宾市,7278,84,11,16,38,19,1.1541632316570487
2023,宜宾市,8122,117,15,32,39,31,1.440531888697365
2013,宜昌市,5812,60,8,5,17,30,1.032346868547832
2014,宜昌市,5610,91,8,12,27,44,1.6221033868092691
2015,宜昌市,6232,99,12,24,21,42,1.5885750962772787
2016,宜昌市,6473,101,11,25,31,34,1.5603275142901283
2017,宜昌市,5078,118,9,31,41,37,2.3237495076801893
2018,宜昌市,5373,111,11,28,35,37,2.0658849804578447
2019,宜昌市,6091,116,10,25,48,33,1.9044491873255625
2020,宜昌市,5382,93,11,13,21,48,1.7279821627647716
2021,宜昌市,6425,99,9,24,30,36,1.5408560311284047
2022,宜昌市,2866,40,2,12,18,8,1.3956734124214933
2023,宜昌市,5413,85,8,25,26,26,1.5702937372990948
2013,宝鸡市,6193,82,10,16,25,31,1.3240755691910222
2014,宝鸡市,5381,86,7,16,25,38,1.598215944991637
2015,宝鸡市,4605,76,13,13,22,28,1.6503800217155264
2016,宝鸡市,5475,97,15,15,35,32,1.771689497716895
2017,宝鸡市,6191,96,12,21,36,27,1.5506380229365209
2018,宝鸡市,5136,72,9,18,28,17,1.4018691588785046
2019,宝鸡市,5313,59,6,9,16,28,1.1104837191793715
2020,宝鸡市,4680,73,8,7,27,31,1.5598290598290598
2021,宝鸡市,5930,96,5,13,30,48,1.6188870151770656
2022,宝鸡市,5095,75,7,9,30,29,1.4720314033366046
2023,宝鸡市,4440,56,7,10,20,19,1.2612612612612613
2013,宣城市,5272,81,10,11,23,37,1.5364188163884673
2014,宣城市,5808,76,8,5,29,34,1.3085399449035813
2015,宣城市,5621,72,6,6,22,38,1.2809108699519658
2016,宣城市,7317,91,8,11,32,40,1.2436791034577013
2017,宣城市,6802,94,6,20,32,36,1.3819464863275506
2018,宣城市,7002,124,14,30,23,57,1.7709225935447013
2019,宣城市,6136,85,8,15,20,42,1.3852672750977835
2020,宣城市,5727,68,4,12,18,34,1.1873581281648333
2021,宣城市,5676,74,4,16,31,23,1.3037350246652573
2022,宣城市,6503,98,8,20,37,33,1.5069967707212055
2023,宣城市,6307,106,12,31,27,36,1.680672268907563
2013,宿迁市,3928,40,4,5,10,21,1.0183299389002036
2014,宿迁市,6399,63,8,2,14,39,0.9845288326300985
2015,宿迁市,7219,137,13,13,48,63,1.897769774206954
2016,宿迁市,6800,125,13,12,49,51,1.8382352941176472
2017,宿迁市,8956,151,19,11,49,72,1.6860205448861096
2018,宿迁市,6613,123,15,14,51,43,1.8599727808861333
2019,宿迁市,6350,83,9,10,30,34,1.3070866141732285
2020,宿迁市,5956,84,3,10,28,43,1.4103425117528543
2021,宿迁市,6260,108,13,19,43,33,1.7252396166134185
2022,宿迁市,5675,87,5,28,32,22,1.5330396475770927
2023,宿迁市,5076,77,3,25,22,27,1.5169424743892828
2013,常州市,5130,84,10,11,19,44,1.6374269005847955
2014,常州市,3651,72,14,5,28,25,1.9720624486442069
2015,常州市,4633,87,17,5,36,29,1.8778329376214116
2016,常州市,4497,90,8,18,32,32,2.0013342228152102
2017,常州市,5232,88,2,17,34,35,1.6819571865443423
2018,常州市,4974,77,10,14,24,29,1.5480498592681946
2019,常州市,5552,93,19,13,25,36,1.6750720461095099
2020,常州市,6261,112,17,24,26,45,1.7888516211467815
2021,常州市,5332,98,14,27,24,33,1.837959489872468
2022,常州市,5690,92,5,23,29,35,1.616871704745167
2023,常州市,5437,88,7,34,23,24,1.618539635828582
2013,广州市,5144,58,11,8,13,26,1.1275272161741834
2014,广州市,5110,63,9,10,11,33,1.2328767123287672
2015,广州市,5024,55,11,5,11,28,1.0947452229299361
2016,广州市,6794,98,10,17,30,41,1.4424492198999117
2017,广州市,6995,93,14,10,25,44,1.3295210864903504
2018,广州市,6787,81,16,8,16,41,1.1934580816266391
2019,广州市,6385,100,21,9,22,48,1.5661707126076743
2020,广州市,6648,66,14,4,13,35,0.9927797833935018
2021,广州市,8151,97,12,14,18,53,1.1900380321432953
2022,广州市,8348,104,10,29,21,44,1.2458073790129371
2023,广州市,8616,107,7,31,32,37,1.2418755803156918
2013,廊坊市,6189,82,9,13,23,37,1.3249313297786396
2014,廊坊市,5851,119,20,13,40,46,2.0338403691676636
2015,廊坊市,5685,96,11,9,47,29,1.688654353562005
2016,廊坊市,7890,152,21,27,69,35,1.9264892268694551
2017,廊坊市,6415,90,16,9,35,30,1.4029618082618862
2018,廊坊市,6181,97,6,9,31,51,1.5693253518848083
2019,廊坊市,3403,50,9,4,14,23,1.4692918013517484
2020,廊坊市,3706,52,8,4,16,24,1.4031300593631948
2021,廊坊市,3298,51,6,5,19,21,1.5463917525773196
2022,廊坊市,5069,70,6,10,18,36,1.3809429867824028
2023,廊坊市,3753,59,6,18,14,21,1.5720756727950973
2014,张家口市,3801,52,6,15,19,12,1.368061036569324
2015,张家口市,4969,72,9,15,22,26,1.448983698933387
2016,张家口市,6406,117,11,35,49,22,1.8264127380580704
2017,张家口市,5934,113,14,30,48,21,1.9042804179305695
2018,张家口市,6831,135,7,52,37,39,1.9762845849802373
2019,张家口市,5698,90,8,17,27,38,1.5795015795015794
2020,张家口市,7079,122,12,26,38,46,1.7234072609125584
2021,张家口市,5516,102,4,36,32,30,1.849166062364032
2022,张家口市,4678,83,10,31,24,18,1.774262505344164
2023,张家口市,5111,107,17,26,26,38,2.0935237722559186
2013,徐州市,4869,77,12,9,24,32,1.5814335592524134
2014,徐州市,5384,125,21,21,34,49,2.321693907875186
2015,徐州市,5400,95,17,17,19,42,1.7592592592592593
2016,徐州市,5862,114,22,19,24,49,1.9447287615148412
2017,徐州市,5879,122,13,12,32,65,2.0751828542269095
2018,徐州市,5942,121,12,16,42,51,2.036351396836082
2019,徐州市,5544,127,16,20,37,54,2.290764790764791
2020,徐州市,5833,98,18,10,23,47,1.6800960054860277
2021,徐州市,5743,98,9,27,27,35,1.7064252133031519
2022,徐州市,6380,104,10,22,37,35,1.6300940438871474
2023,徐州市,5753,87,5,24,28,30,1.512254475925604
2013,德阳市,4504,58,12,13,15,18,1.2877442273534636
2014,德阳市,4222,79,14,10,22,33,1.8711511132164853
2015,德阳市,4075,55,12,14,15,14,1.3496932515337423
2016,德阳市,5124,55,12,12,14,17,1.0733801717408276
2017,德阳市,5128,55,12,12,14,17,1.0725429017160686
2018,德阳市,4209,70,15,12,17,26,1.663102874792112
2019,德阳市,6075,101,15,10,22,54,1.662551440329218
2020,德阳市,7211,82,11,7,29,35,1.1371515739841909
2021,德阳市,8118,110,14,16,37,43,1.3550135501355014
2022,德阳市,9284,164,24,40,62,38,1.7664799655320984
2023,德阳市,7841,110,10,29,30,41,1.4028822854227776
2013,惠州市,4554,80,13,12,27,28,1.756697408871322
2014,惠州市,5105,86,12,15,30,29,1.6846229187071498
2015,惠州市,5364,77,10,9,37,21,1.435495898583147
2016,惠州市,6805,125,26,30,35,34,1.836884643644379
2018,惠州市,7325,162,25,28,49,60,2.21160409556314
2019,惠州市,5520,99,19,6,27,47,1.7934782608695652
2020,惠州市,6517,95,26,5,26,38,1.4577259475218658
2021,惠州市,7569,87,9,24,21,33,1.1494252873563218
2022,惠州市,8119,117,18,41,22,36,1.441064170464343
2023,惠州市,8511,98,14,22,21,41,1.1514510633298085
2013,成都市,7614,117,8,19,53,37,1.5366430260047281
2014,成都市,5747,100,14,13,36,37,1.7400382808421786
2015,成都市,5944,80,11,12,27,30,1.3458950201884252
2016,成都市,5852,55,5,5,23,22,0.9398496240601504
2017,成都市,6106,96,13,37,13,33,1.5722240419259743
2018,成都市,7484,122,14,42,32,34,1.630144307856761
2019,成都市,6678,79,9,20,19,31,1.1829889188379754
2020,成都市,8569,94,10,7,33,44,1.096977476951803
2021,成都市,9348,98,13,12,38,35,1.0483525887890457
2022,成都市,7005,88,5,30,25,28,1.2562455389007852
2023,成都市,12897,149,15,41,62,31,1.1553074358377917
2013,扬州市,5123,95,18,16,14,47,1.8543821979308996
2014,扬州市,5510,118,11,22,39,46,2.1415607985480944
2015,扬州市,5595,114,9,25,37,43,2.037533512064343
2016,扬州市,6148,112,10,22,43,37,1.8217306441119063
2017,扬州市,6518,113,11,15,43,44,1.7336606320957348
2018,扬州市,5132,99,9,21,35,34,1.9290724863600937
2019,扬州市,4837,93,11,22,29,31,1.9226793467025014
2020,扬州市,5589,120,11,17,33,59,2.147074610842727
2021,扬州市,5847,99,12,11,36,40,1.6931759876859929
2022,扬州市,6972,130,12,41,38,39,1.8646012621916237
2023,扬州市,4886,93,13,23,29,28,1.9033974621367171
2013,承德市,6295,101,18,22,26,35,1.6044479745830023
2014,承德市,5612,115,20,37,36,22,2.0491803278688523
2015,承德市,4411,71,16,20,18,17,1.6096123328043528
2016,承德市,7096,145,15,39,43,48,2.0434047350620066
2017,承德市,7518,141,17,36,47,41,1.8754988028731046
2018,承德市,6072,129,12,41,43,33,2.124505928853755
2019,承德市,6241,98,11,25,31,31,1.5702611760935747
2020,承德市,6190,93,9,24,33,27,1.5024232633279482
2021,承德市,6131,125,11,40,56,18,2.0388191159680313
2022,承德市,5449,86,9,5,46,26,1.5782712424298035
2023,承德市,5676,87,8,25,36,18,1.53276955602537
2014,抚州市,4363,87,21,3,28,35,1.9940407976163188
2015,抚州市,4352,75,17,9,20,29,1.7233455882352942
2016,抚州市,2047,33,6,1,13,13,1.612115290669272
2017,抚州市,5415,119,5,37,43,34,2.197599261311173
2018,抚州市,6665,123,6,33,50,34,1.8454613653413352
2019,抚州市,4720,108,14,7,43,44,2.288135593220339
2020,抚州市,4582,97,9,19,42,27,2.1169794849410737
2021,抚州市,6265,118,9,27,57,25,1.8834796488427774
2022,抚州市,4285,83,9,26,29,19,1.9369894982497082
2023,抚州市,4576,72,7,23,24,18,1.5734265734265735
2013,拉萨市,4656,58,3,4,25,26,1.245704467353952
2014,拉萨市,5269,90,6,8,22,54,1.708104004554944
2015,拉萨市,6466,76,6,9,18,43,1.175378905041757
2016,拉萨市,7558,84,9,17,27,31,1.1114051336332362
2017,拉萨市,5889,65,4,14,29,18,1.1037527593818985
2018,拉萨市,6579,106,13,21,45,27,1.6111871105031161
2019,拉萨市,5835,80,10,13,30,27,1.371036846615253
2020,拉萨市,5188,71,4,12,21,34,1.3685427910562837
2021,拉萨市,6927,94,12,20,36,26,1.357008806120976
2022,拉萨市,3102,63,3,14,28,18,2.0309477756286265
2023,拉萨市,3292,52,4,8,32,8,1.5795868772782502
2013,新余市,5175,112,19,42,27,24,2.164251207729469
2014,新余市,4686,84,13,26,20,25,1.792573623559539
2015,新余市,4420,79,16,13,21,29,1.7873303167420813
2016,新余市,5320,92,14,24,26,28,1.7293233082706767
2017,新余市,4751,87,14,16,17,40,1.8311934329614816
2018,新余市,4313,93,9,14,23,47,2.156271736610248
2019,新余市,5415,104,16,11,26,51,1.920590951061865
2020,新余市,5736,83,15,15,21,32,1.4470013947001394
2021,新余市,6194,94,11,17,25,41,1.517597675169519
2022,新余市,4994,87,8,29,17,33,1.7420905086103322
2023,新余市,4856,80,7,16,19,38,1.6474464579901154
2013,无锡市,5082,93,13,17,22,41,1.829988193624557
2014,无锡市,5411,111,14,14,28,55,2.0513768249861393
2015,无锡市,5761,97,14,8,22,53,1.6837354625932999
2016,无锡市,6738,108,12,19,24,53,1.6028495102404272
2017,无锡市,6519,112,20,14,23,55,1.7180549163982206
2018,无锡市,7002,106,14,13,25,54,1.5138531848043417
2019,无锡市,5674,84,12,11,19,42,1.4804370814240395
2020,无锡市,5764,90,9,10,31,40,1.5614156835530881
2021,无锡市,7416,96,10,9,25,52,1.2944983818770228
2022,无锡市,7889,112,16,33,24,39,1.419698314108252
2023,无锡市,6802,73,9,22,13,29,1.0732137606586298
2013,昆明市,5812,112,21,18,33,40,1.9270474879559532
2014,昆明市,4160,80,9,16,29,26,1.9230769230769231
2015,昆明市,1411,21,6,1,6,8,1.48830616583983
2016,昆明市,5450,117,27,18,33,39,2.146788990825688
2017,昆明市,6771,91,18,7,27,39,1.3439669177374096
2018,昆明市,6661,107,19,13,21,54,1.6063654105990093
2019,昆明市,7957,128,17,21,37,53,1.6086464748020612
2020,昆明市,10448,123,20,11,28,64,1.1772588055130169
2021,昆明市,8184,107,12,16,27,52,1.3074291300097751
2022,昆明市,6932,129,9,20,46,54,1.8609347951529138
2023,昆明市,6403,80,14,26,17,23,1.2494143370295174
2013,曲靖市,5066,71,13,14,20,24,1.4015001973943941
2014,曲靖市,4521,63,6,18,9,30,1.39349701393497
2015,曲靖市,4865,64,13,12,15,24,1.31551901336074
2016,曲靖市,6157,82,8,17,32,25,1.3318174435601755
2017,曲靖市,5620,88,9,8,20,51,1.5658362989323844
2018,曲靖市,6300,96,12,5,42,37,1.5238095238095237
2019,曲靖市,5673,83,8,12,28,35,1.463070685704213
2020,曲靖市,6841,83,13,10,14,46,1.2132729133167666
2021,曲靖市,6813,112,9,48,20,35,1.6439160428592396
2022,曲靖市,7644,153,14,56,28,55,2.001569858712716
2023,曲靖市,7117,122,14,43,18,47,1.7142054236335535
2013,杭州市,7119,123,20,27,30,46,1.7277707543194267
2014,杭州市,5487,112,27,24,22,39,2.041188263167487
2015,杭州市,5078,94,22,15,14,43,1.8511224891689642
2016,杭州市,6254,111,21,15,37,38,1.7748640869843302
2017,杭州市,5976,92,14,11,23,44,1.5394912985274432
2018,杭州市,6534,95,14,10,14,57,1.4539332721150904
2019,杭州市,6872,103,12,2,22,67,1.4988358556461001
2020,杭州市,5700,81,12,3,34,32,1.4210526315789473
2021,杭州市,6455,90,9,6,40,35,1.39426800929512
2022,杭州市,5638,92,5,15,40,32,1.6317843206810925
2023,杭州市,6283,90,10,22,26,32,1.4324367340442463
2014,柳州市,7612,68,11,11,19,27,0.8933263268523385
2015,柳州市,7341,104,12,16,31,45,1.4167007219724832
2016,柳州市,5684,61,5,13,19,24,1.0731878958479943
2017,柳州市,5384,82,1,23,35,23,1.5230312035661218
2018,柳州市,5456,85,2,17,32,34,1.5579178885630498
2019,柳州市,4697,75,8,13,25,29,1.5967638918458589
2020,柳州市,6156,63,5,9,24,25,1.023391812865497
2021,柳州市,4606,47,2,11,21,13,1.0204081632653061
2022,柳州市,5261,96,7,25,23,41,1.8247481467401634
2023,柳州市,5234,92,3,40,23,26,1.757737867787543
2013,株洲市,5400,101,15,23,22,41,1.8703703703703705
2014,株洲市,5423,87,14,16,15,42,1.6042780748663104
2015,株洲市,5304,72,12,9,19,32,1.3574660633484164
2016,株洲市,5925,93,15,24,20,34,1.569620253164557
2017,株洲市,5515,62,8,9,18,27,1.1242067089755214
2018,株洲市,5051,58,7,7,14,30,1.148287467828153
2019,株洲市,5848,67,10,9,19,29,1.145690834473324
2020,株洲市,6042,88,14,12,18,44,1.4564713670969878
2021,株洲市,6644,80,5,24,25,26,1.2040939193257074
2022,株洲市,4673,47,5,11,8,23,1.0057778728867963
2023,株洲市,6123,72,4,15,13,40,1.1758941695247427
2013,桂林市,7279,114,12,17,41,44,1.5661491963181757
2014,桂林市,6361,105,8,19,20,58,1.650683854739821
2015,桂林市,7671,144,12,22,51,59,1.8771998435666797
2016,桂林市,7488,157,22,23,55,57,2.096688034188034
2017,桂林市,8119,155,12,24,54,65,1.9091021061707107
2018,桂林市,7026,104,5,13,51,35,1.48021633931113
2019,桂林市,8184,112,11,20,49,32,1.3685239491691104
2020,桂林市,8234,135,11,15,59,50,1.6395433568132136
2021,桂林市,6623,103,4,14,46,39,1.5551864713875887
2022,桂林市,6541,98,9,18,35,36,1.4982418590429598
2023,桂林市,7463,117,8,24,41,44,1.567734155165483
2013,梧州市,5101,81,11,10,30,30,1.5879239364830426
2014,梧州市,5192,78,6,8,27,37,1.50231124807396
2015,梧州市,5796,94,12,14,26,42,1.621808143547274
2016,梧州市,5331,65,8,7,32,18,1.2192834365034704
2017,梧州市,5257,85,9,17,32,27,1.616891763363135
2018,梧州市,5652,90,14,14,31,31,1.5923566878980893
2019,梧州市,4624,84,13,10,21,40,1.8166089965397925
2020,梧州市,4715,59,9,2,16,32,1.2513255567338282
2021,梧州市,5064,45,3,15,7,20,0.8886255924170616
2022,梧州市,5692,89,9,35,20,25,1.5635980323260719
2023,梧州市,6429,94,11,40,27,16,1.462124747239073
2013,榆林市,5368,81,8,21,26,26,1.5089418777943369
2014,榆林市,5219,75,8,11,30,26,1.437056907453535
2015,榆林市,5090,75,8,11,29,27,1.4734774066797642
2016,榆林市,5337,89,9,31,29,20,1.6676035225782273
2017,榆林市,5451,82,8,11,23,40,1.5043111355714547
2018,榆林市,5374,95,8,10,43,34,1.767770748046148
2019,榆林市,5130,69,6,6,23,34,1.345029239766082
2020,榆林市,4589,85,6,7,39,33,1.8522553933318804
2021,榆林市,5285,92,9,19,42,22,1.7407757805108799
2022,榆林市,5896,97,10,20,35,32,1.6451831750339214
2023,榆林市,5474,90,8,12,29,41,1.6441359152356596
2013,武汉市,7780,105,15,19,27,44,1.3496143958868894
2014,武汉市,8172,140,25,20,53,42,1.7131669114047967
2015,武汉市,5946,73,10,8,35,20,1.2277161116717121
2016,武汉市,6405,95,13,19,38,25,1.483216237314598
2017,武汉市,4843,57,11,1,20,25,1.176956431963659
2018,武汉市,5865,79,16,9,33,21,1.3469735720375107
2019,武汉市,5717,90,10,11,27,42,1.5742522301906596
2020,武汉市,5660,71,11,9,21,30,1.254416961130742
2021,武汉市,5553,74,9,13,25,27,1.3326130019809113
2022,武汉市,6491,104,10,28,36,30,1.602218456324141
2023,武汉市,6228,82,8,25,25,24,1.3166345536287731
2013,汕头市,5108,54,7,2,18,27,1.05716523101018
2014,汕头市,5462,90,15,4,18,53,1.6477480776272428
2015,汕头市,5800,84,12,4,17,51,1.4482758620689655
2016,汕头市,6512,90,15,4,20,51,1.382063882063882
2017,汕头市,5137,72,11,10,15,36,1.401596262409967
2018,汕头市,5943,96,7,13,30,46,1.6153457849570922
2019,汕头市,6285,92,17,10,12,53,1.4638027048528242
2020,汕头市,7167,110,29,13,14,54,1.5348123343100322
2021,汕头市,7394,110,16,20,22,52,1.4876927238301325
2022,汕头市,7535,112,25,25,19,43,1.4863968148639681
2023,汕头市,6425,101,16,23,19,43,1.5719844357976651
2013,江门市,5638,89,17,14,20,38,1.5785739623980135
2014,江门市,5802,103,22,11,23,47,1.7752499138228197
2015,江门市,3617,53,12,5,10,26,1.4653027370749239
2016,江门市,5212,64,9,14,13,28,1.2279355333844972
2017,江门市,6386,101,10,6,27,58,1.5815847165674912
2018,江门市,5823,99,12,7,35,45,1.7001545595054095
2019,江门市,6062,93,17,6,25,45,1.534147146156384
2020,江门市,6583,74,9,4,15,46,1.1241075497493545
2021,江门市,8420,68,9,8,14,37,0.8076009501187649
2022,江门市,7041,73,9,16,14,34,1.0367845476494817
2023,江门市,7539,79,12,24,15,28,1.047884334792413
2014,池州市,4626,54,4,4,22,24,1.1673151750972763
2015,池州市,5064,84,5,11,30,38,1.6587677725118484
2016,池州市,6044,114,11,15,49,39,1.8861681005956321
2017,池州市,5513,92,12,20,24,36,1.6687828768365682
2019,池州市,4802,84,8,12,19,45,1.749271137026239
2020,池州市,5543,88,10,11,20,47,1.587587948764207
2021,池州市,7263,111,13,25,31,42,1.5282940933498554
2022,池州市,6680,174,13,74,46,41,2.604790419161677
2023,池州市,5984,122,8,44,36,34,2.038770053475936
2013,沈阳市,3784,53,8,11,20,14,1.4006342494714588
2014,沈阳市,3677,41,5,6,13,17,1.1150394343214578
2015,沈阳市,3966,56,7,7,17,25,1.4120020171457388
2016,沈阳市,5662,95,12,23,27,33,1.6778523489932886
2017,沈阳市,6120,74,4,5,29,36,1.2091503267973858
2018,沈阳市,6928,98,8,15,24,51,1.4145496535796767
2019,沈阳市,7113,87,8,10,25,44,1.2231126107127794
2020,沈阳市,6371,62,10,8,9,35,0.9731596295714958
2021,沈阳市,6841,81,11,13,24,33,1.1840374214296157
2022,沈阳市,5033,75,6,21,19,29,1.4901649115835487
2023,沈阳市,4971,61,7,20,17,17,1.2271172802253068
2013,沧州市,5214,49,5,8,16,20,0.9397775220560031
2014,沧州市,4669,56,9,14,12,21,1.199400299850075
2015,沧州市,4864,62,3,18,22,19,1.274671052631579
2016,沧州市,5714,60,10,10,20,20,1.0500525026251313
2017,沧州市,5085,91,19,13,32,27,1.7895771878072761
2018,沧州市,5961,81,8,11,34,28,1.3588324106693508
2019,沧州市,6236,75,6,13,28,28,1.2026940346375883
2020,沧州市,6099,83,6,15,29,33,1.3608788325955075
2021,沧州市,6646,78,6,5,34,33,1.173638278663858
2022,沧州市,5745,72,12,12,22,26,1.2532637075718016
2023,沧州市,5701,83,12,23,22,26,1.4558849324679881
2013,泉州市,5448,87,13,8,24,42,1.5969162995594712
2014,泉州市,5223,81,17,7,19,38,1.5508328546812178
2015,泉州市,5120,83,15,11,25,32,1.6210937500000002
2016,泉州市,5916,90,10,11,32,37,1.5212981744421907
2017,泉州市,5722,91,8,8,35,40,1.5903530234183851
2018,泉州市,5397,93,12,7,36,38,1.7231795441912174
2019,泉州市,5327,89,14,8,25,42,1.6707339966209873
2020,泉州市,5217,70,10,10,18,32,1.3417672992141079
2021,泉州市,5684,91,13,17,28,33,1.600985221674877
2022,泉州市,5689,80,15,12,24,29,1.4062225347161188
2023,泉州市,5138,80,19,20,22,19,1.5570260801868432
2013,泰州市,5137,71,10,14,13,34,1.3821296476542728
2014,泰州市,3916,80,11,12,23,34,2.0429009193054135
2015,泰州市,4064,68,4,5,18,41,1.673228346456693
2016,泰州市,5177,88,7,21,20,40,1.6998261541433264
2017,泰州市,5661,81,5,14,24,38,1.4308426073131957
2018,泰州市,4928,109,8,17,39,45,2.2118506493506493
2019,泰州市,4944,86,12,10,22,42,1.7394822006472492
2020,泰州市,4936,79,7,7,16,49,1.600486223662885
2021,泰州市,5298,82,8,11,23,40,1.5477538693846735
2022,泰州市,4929,53,3,16,13,21,1.0752688172043012
2023,泰州市,4103,46,5,8,13,20,1.1211308798440167
2013,泸州市,6172,51,14,4,8,25,0.8263123784834738
2014,泸州市,4740,57,13,6,14,24,1.2025316455696202
2015,泸州市,4595,50,10,8,12,20,1.088139281828074
2016,泸州市,3876,48,6,8,15,19,1.238390092879257
2017,泸州市,3911,41,7,5,11,18,1.048325236512401
2018,泸州市,4496,71,19,14,13,25,1.5791814946619218
2019,泸州市,4539,78,18,12,23,25,1.7184401850627893
2020,泸州市,5623,95,20,12,32,31,1.689489596300907
2021,泸州市,6487,96,12,15,32,37,1.4798828426082935
2022,泸州市,7067,125,13,42,42,28,1.7687844912975803
2023,泸州市,7012,96,18,19,31,28,1.3690815744438107
2013,洛阳市,4594,56,8,16,16,16,1.2189812799303439
2014,洛阳市,5875,95,12,18,31,34,1.6170212765957446
2015,洛阳市,6151,96,9,21,25,41,1.5607218338481548
2016,洛阳市,5934,86,9,23,33,21,1.4492753623188406
2017,洛阳市,5629,56,11,6,20,19,0.9948481080120802
2018,洛阳市,6474,83,14,16,25,28,1.282051282051282
2019,洛阳市,7222,91,11,16,29,35,1.2600387704237053
2020,洛阳市,5958,77,6,12,34,25,1.2923799932863376
2021,洛阳市,7372,97,5,20,48,24,1.3157894736842104
2022,洛阳市,6344,78,5,19,33,21,1.2295081967213115
2023,洛阳市,6393,54,4,14,24,12,0.8446738620366024
2013,济南市,4826,73,8,12,21,32,1.512639867384998
2014,济南市,5686,74,7,17,23,27,1.3014421385860007
2015,济南市,6000,92,5,15,25,47,1.5333333333333332
2016,济南市,6420,102,7,15,51,29,1.588785046728972
2017,济南市,6197,91,8,9,33,41,1.4684524770050025
2018,济南市,6497,92,10,12,30,40,1.4160381714637524
2019,济南市,7570,68,10,5,16,37,0.8982826948480845
2020,济南市,7656,105,13,7,44,41,1.371473354231975
2021,济南市,7656,105,13,7,44,41,1.371473354231975
2022,济南市,7721,116,15,31,37,33,1.5023960626861805
2023,济南市,8156,130,14,52,38,26,1.5939185875429134
2013,济宁市,5067,71,11,12,27,21,1.401223603710282
2014,济宁市,5441,86,11,12,33,30,1.580591802977394
2015,济宁市,5686,75,14,9,28,24,1.3190291945128385
2016,济宁市,4574,84,14,15,33,22,1.8364669873196329
2017,济宁市,4737,65,7,9,30,19,1.372176483006122
2018,济宁市,4426,61,4,10,26,21,1.3782196113872571
2019,济宁市,6002,73,6,10,33,24,1.2162612462512494
2020,济宁市,6216,79,11,13,26,29,1.270913770913771
2021,济宁市,7436,77,12,18,17,30,1.0355029585798818
2022,济宁市,7000,85,10,27,23,25,1.2142857142857142
2023,济宁市,6390,81,10,28,18,25,1.267605633802817
2013,海口市,4889,74,9,13,17,35,1.5136019635917366
2014,海口市,4928,80,8,6,20,46,1.6233766233766231
2015,海口市,4810,63,5,4,21,33,1.30977130977131
2016,海口市,6338,106,12,13,42,39,1.6724518775639001
2017,海口市,4871,102,3,12,52,35,2.094025867378362
2018,海口市,4777,97,6,14,44,33,2.0305631149256853
2019,海口市,5691,86,9,12,32,33,1.5111579687225443
2020,海口市,7713,99,14,8,28,49,1.2835472578763127
2021,海口市,8251,137,7,18,39,73,1.6604047994182525
2022,海口市,6806,115,6,24,32,53,1.6896855715545107
2023,海口市,6514,79,7,15,27,30,1.212772490021492
2013,淄博市,5416,98,13,17,28,40,1.809453471196455
2014,淄博市,5176,116,17,19,27,53,2.241112828438949
2015,淄博市,4710,112,22,17,32,41,2.37791932059448
2016,淄博市,5302,108,15,17,35,41,2.036967182195398
2017,淄博市,4449,91,12,11,37,31,2.045403461452012
2018,淄博市,4828,91,18,16,29,28,1.8848384424192213
2019,淄博市,5061,81,17,8,22,34,1.6004742145820983
2020,淄博市,5634,72,9,11,30,22,1.2779552715654952
2021,淄博市,6614,117,11,21,50,35,1.7689749017236165
2022,淄博市,6147,99,10,24,35,30,1.610541727672035
2023,淄博市,4687,74,4,30,22,18,1.5788350757414125
2013,淮安市,4357,49,2,4,20,23,1.1246270369520313
2014,淮安市,5565,82,5,14,24,39,1.473495058400719
2015,淮安市,5185,79,7,14,20,38,1.5236258437801349
2016,淮安市,5514,84,8,18,26,32,1.5233949945593037
2017,淮安市,5492,108,7,20,34,47,1.9664967225054626
2018,淮安市,5634,143,16,28,49,50,2.538161164359247
2019,淮安市,5492,115,11,11,33,60,2.093954843408594
2020,淮安市,6466,156,22,14,41,79,2.4126198577172904
2021,淮安市,8622,177,20,21,58,78,2.0528879610299233
2022,淮安市,6126,105,8,22,27,48,1.7140058765915769
2023,淮安市,6022,120,9,28,42,41,1.9926934573231483
2013,深圳市,5589,83,13,23,14,33,1.4850599391662194
2014,深圳市,6374,82,19,21,19,23,1.2864763100094132
2015,深圳市,6317,84,17,29,12,26,1.3297451321829983
2016,深圳市,7039,99,16,31,14,38,1.406449779798267
2017,深圳市,7002,98,16,13,11,58,1.3996001142530705
2018,深圳市,6706,96,17,13,21,45,1.4315538323889054
2019,深圳市,7842,111,19,10,20,62,1.4154552410099464
2020,深圳市,6975,78,13,10,21,34,1.118279569892473
2021,深圳市,6129,86,18,32,12,24,1.4031652798172622
2022,深圳市,7374,83,18,24,23,18,1.125576349335503
2023,深圳市,7859,79,15,32,11,21,1.0052169487212115
2013,温州市,4567,86,12,9,26,39,1.8830742281585287
2014,温州市,5104,90,16,9,22,43,1.763322884012539
2015,温州市,5720,79,17,4,17,41,1.381118881118881
2016,温州市,5242,99,15,6,31,47,1.8885921404044257
2017,温州市,5733,91,10,13,22,46,1.5873015873015872
2018,温州市,6006,109,18,11,32,48,1.814851814851815
2019,温州市,5878,83,17,4,14,48,1.4120449132357944
2020,温州市,7227,83,15,4,17,47,1.14847101148471
2021,温州市,7015,67,7,7,17,36,0.955096222380613
2022,温州市,6562,82,4,22,22,34,1.2496190185918927
2023,温州市,6475,79,3,28,19,29,1.22007722007722
2014,湖州市,4313,89,23,10,17,39,2.0635288662184093
2015,湖州市,5399,90,9,11,30,40,1.6669753658084832
2016,湖州市,5924,129,16,25,47,41,2.1775827143821744
2017,湖州市,5667,121,11,23,45,42,2.135168519498853
2018,湖州市,5306,98,9,28,24,37,1.8469656992084433
2019,湖州市,5445,99,13,29,20,37,1.8181818181818181
2020,湖州市,6072,120,9,37,30,44,1.9762845849802373
2021,湖州市,6536,128,16,36,42,34,1.9583843329253363
2022,湖州市,6338,117,11,48,36,22,1.846008204480909
2023,湖州市,6081,106,12,43,31,20,1.7431343529024832
2013,湛江市,5087,78,9,5,20,44,1.533320228032239
2014,湛江市,5022,105,9,5,43,48,2.0908004778972518
2015,湛江市,6058,82,13,8,24,37,1.353582040277319
2016,湛江市,7166,104,14,16,32,42,1.4512977951437345
2017,湛江市,6715,95,10,9,25,51,1.4147431124348473
2018,湛江市,7684,109,11,18,31,49,1.4185320145757419
2019,湛江市,6779,112,18,11,32,51,1.6521610857058562
2020,湛江市,7471,106,15,14,31,46,1.4188194351492438
2021,湛江市,8332,98,13,13,30,42,1.1761881901104176
2022,湛江市,7240,79,4,24,10,41,1.0911602209944753
2023,湛江市,7603,108,12,33,32,31,1.4204919110877285
2013,滁州市,5314,52,9,13,14,16,0.9785472337222431
2014,滁州市,5459,61,6,8,19,28,1.1174207730353545
2015,滁州市,6595,101,9,16,38,38,1.5314632297194846
2016,滁州市,5001,78,13,14,28,23,1.5596880623875224
2017,滁州市,6025,67,8,15,19,25,1.112033195020747
2018,滁州市,7317,126,17,27,46,36,1.7220172201722017
2019,滁州市,5637,85,11,11,24,39,1.507894270001774
2020,滁州市,5302,62,10,6,13,33,1.169370049038099
2021,滁州市,5824,75,10,17,18,30,1.2877747252747251
2022,滁州市,5472,99,7,30,23,39,1.8092105263157896
2023,滁州市,5517,81,10,21,17,33,1.468189233278956
2013,潍坊市,7101,91,19,27,20,25,1.281509646528658
2014,潍坊市,4795,56,11,12,20,13,1.167883211678832
2015,潍坊市,5326,82,15,14,18,35,1.5396169733383402
2016,潍坊市,5390,55,2,22,13,18,1.0204081632653061
2017,潍坊市,4085,29,2,10,6,11,0.7099143206854345
2018,潍坊市,3566,50,3,5,20,22,1.4021312394840157
2019,潍坊市,7941,101,18,15,20,48,1.2718801158544264
2020,潍坊市,3791,23,4,3,5,11,0.606700079134793
2021,潍坊市,5849,57,8,14,12,23,0.9745255599247734
2022,潍坊市,10931,118,13,39,31,35,1.0794986734973926
2023,潍坊市,4582,55,5,12,19,19,1.2003491924923615
2013,烟台市,4414,64,9,21,16,18,1.449932034435886
2014,烟台市,3056,24,4,4,7,9,0.7853403141361256
2015,烟台市,5230,69,9,12,24,24,1.3193116634799236
2016,烟台市,4911,57,10,5,26,16,1.1606597434331094
2017,烟台市,5014,72,9,11,24,28,1.4359792580773834
2018,烟台市,5239,80,10,11,29,30,1.5270089711777057
2019,烟台市,5385,83,7,11,36,29,1.5413184772516249
2020,烟台市,5586,80,11,12,27,30,1.4321518080916578
2021,烟台市,5428,76,9,19,16,32,1.400147383935151
2022,烟台市,5969,99,6,44,19,30,1.6585692745853575
2023,烟台市,6091,118,4,74,22,18,1.9372845181415201
2013,玉林市,4692,83,13,15,29,26,1.7689684569479966
2015,玉林市,4496,81,13,13,24,31,1.8016014234875446
2016,玉林市,6463,96,14,20,38,24,1.4853783072876374
2017,玉林市,5235,82,4,12,29,37,1.566380133715377
2018,玉林市,5761,113,8,24,38,43,1.9614650234334317
2019,玉林市,6084,133,18,18,32,65,2.186061801446417
2020,玉林市,6948,99,11,14,25,49,1.4248704663212435
2021,玉林市,5510,58,6,16,19,17,1.0526315789473684
2022,玉林市,6550,105,18,23,21,43,1.6030534351145038
2023,玉林市,7281,103,14,23,32,34,1.414640846037632
2013,珠海市,4958,99,11,20,37,31,1.9967728922952805
2014,珠海市,5247,74,7,8,27,32,1.4103297122165046
2015,珠海市,7290,111,8,17,40,46,1.5226337448559673
2016,珠海市,7085,91,8,14,44,25,1.2844036697247707
2017,珠海市,6109,66,6,8,25,27,1.080373219839581
2018,珠海市,6074,90,15,8,36,31,1.481725386894962
2019,珠海市,7073,98,16,14,20,48,1.3855506857062068
2020,珠海市,4827,72,8,3,15,46,1.4916096954630205
2021,珠海市,7295,74,10,11,15,38,1.0143934201507883
2022,珠海市,7173,73,10,10,19,34,1.0177052837027742
2023,珠海市,7922,84,10,21,30,23,1.0603382984094925
2013,盐城市,5076,129,12,26,37,54,2.541371158392435
2014,盐城市,5401,95,7,22,22,44,1.7589335308276246
2015,盐城市,4793,116,4,39,26,47,2.420196119340705
2016,盐城市,5135,127,2,39,38,48,2.4732229795520935
2017,盐城市,4966,125,9,23,44,49,2.517116391461941
2018,盐城市,4823,111,5,28,46,32,2.3014721127928675
2019,盐城市,4942,134,11,30,53,40,2.7114528530959126
2020,盐城市,4764,117,10,22,42,43,2.455919395465995
2021,盐城市,4804,107,3,29,43,32,2.2273105745212325
2022,盐城市,4974,112,8,47,38,19,2.251708886208283
2023,盐城市,5411,129,7,55,37,30,2.384032526335243
2013,盘锦市,3137,35,1,2,21,11,1.1157156518967166
2014,盘锦市,3659,49,6,4,30,9,1.339163705930582
2015,盘锦市,5277,67,4,1,31,31,1.269660792116733
2016,盘锦市,5284,96,7,20,40,29,1.8168054504163513
2017,盘锦市,4868,54,2,5,27,20,1.1092851273623665
2018,盘锦市,5489,93,6,13,42,32,1.6942976862816543
2019,盘锦市,9885,140,8,4,62,66,1.4162873039959536
2020,盘锦市,5988,97,5,9,48,35,1.6199064796259186
2021,盘锦市,5988,97,5,9,48,35,1.6199064796259186
2022,盘锦市,4669,88,11,22,22,33,1.8847718997644036
2023,盘锦市,5214,90,8,20,29,33,1.726121979286536
2013,石家庄市,5669,97,21,19,23,34,1.7110601517022404
2014,石家庄市,7000,111,30,19,29,33,1.5857142857142859
2015,石家庄市,6752,110,21,21,23,45,1.6291469194312798
2016,石家庄市,6817,106,15,18,34,39,1.5549361889394162
2017,石家庄市,6655,108,20,12,35,41,1.622839969947408
2018,石家庄市,6344,94,13,13,29,39,1.4817150063051703
2019,石家庄市,6176,98,19,9,27,43,1.5867875647668395
2020,石家庄市,6115,88,12,6,32,38,1.4390842191332789
2021,石家庄市,7032,104,14,18,38,34,1.4789533560864618
2022,石家庄市,6731,97,11,20,22,44,1.4410934482246323
2023,石家庄市,5891,62,5,8,13,36,1.0524528942454592
2013,福州市,4439,63,5,10,20,28,1.4192385672448748
2014,福州市,4488,91,16,15,24,36,2.027629233511586
2015,福州市,4819,91,14,15,28,34,1.8883585806183858
2016,福州市,5743,101,16,22,40,23,1.75866271983284
2017,福州市,5206,84,13,11,30,30,1.6135228582404917
2018,福州市,5260,93,13,15,36,29,1.7680608365019013
2019,福州市,4979,75,9,12,26,28,1.506326571600723
2020,福州市,5072,94,9,9,32,44,1.8533123028391167
2021,福州市,5355,84,12,6,27,39,1.5686274509803921
2022,福州市,6166,86,15,15,29,27,1.3947453778786896
2023,福州市,5400,71,9,29,16,17,1.3148148148148149
2013,秦皇岛市,4855,91,14,19,27,31,1.874356333676622
2014,秦皇岛市,5468,122,21,31,28,42,2.231163130943672
2015,秦皇岛市,5605,112,16,24,29,43,1.9982158786797501
2016,秦皇岛市,7885,173,38,23,61,51,2.1940393151553583
2017,秦皇岛市,6678,142,33,16,48,45,2.1263851452530695
2018,秦皇岛市,6639,118,20,16,30,52,1.7773761108600694
2019,秦皇岛市,5985,101,14,14,30,43,1.6875522138680032
2020,秦皇岛市,6529,90,21,14,18,37,1.3784653086230663
2021,秦皇岛市,5433,97,17,24,29,27,1.785385606478925
2022,秦皇岛市,5393,88,15,20,17,36,1.6317448544409419
2023,秦皇岛市,5644,84,13,28,21,22,1.48830616583983
2013,绍兴市,3877,70,12,11,15,32,1.8055197317513543
2014,绍兴市,3674,46,11,4,10,21,1.2520413718018508
2015,绍兴市,3938,52,9,3,12,28,1.3204672422549517
2016,绍兴市,5173,113,21,17,34,41,2.184419099168761
2017,绍兴市,5207,91,12,12,27,40,1.7476473977338198
2018,绍兴市,4592,72,11,4,22,35,1.5679442508710801
2019,绍兴市,4741,63,7,7,21,28,1.328833579413626
2020,绍兴市,4437,61,11,5,18,27,1.3748027946810908
2021,绍兴市,5205,71,12,8,16,35,1.3640730067243036
2022,绍兴市,5550,74,11,17,20,26,1.3333333333333335
2023,绍兴市,5223,75,11,16,17,31,1.4359563469270535
2014,绵阳市,4650,62,8,11,19,24,1.3333333333333335
2016,绵阳市,5817,69,12,10,28,19,1.186178442496132
2017,绵阳市,4547,58,5,17,19,17,1.275566307455465
2018,绵阳市,5643,83,11,10,27,35,1.470848839269892
2019,绵阳市,6558,97,11,13,31,42,1.479109484598963
2020,绵阳市,6800,62,10,9,14,29,0.9117647058823529
2021,绵阳市,7039,81,5,14,19,43,1.1507316380167638
2022,绵阳市,7236,84,10,21,16,37,1.1608623548922055
2023,绵阳市,7512,95,10,20,32,33,1.264643237486688
2013,肇庆市,3554,47,5,7,14,21,1.3224535734383793
2014,肇庆市,4210,76,11,7,29,29,1.8052256532066508
2015,肇庆市,3952,69,8,7,19,35,1.7459514170040487
2016,肇庆市,5917,94,10,17,18,49,1.5886428933581207
2017,肇庆市,6590,113,11,26,20,56,1.714719271623672
2018,肇庆市,5268,80,12,15,24,29,1.518602885345482
2019,肇庆市,5384,90,10,12,24,44,1.6716196136701338
2020,肇庆市,8375,82,13,15,15,39,0.9791044776119404
2021,肇庆市,7324,75,4,23,19,29,1.02403058438012
2022,肇庆市,5213,60,7,18,16,19,1.1509687320161135
2023,肇庆市,6070,80,9,24,23,24,1.3179571663920924
2013,舟山市,4829,56,7,9,15,25,1.1596603851729135
2014,舟山市,3560,49,11,4,12,22,1.3764044943820224
2015,舟山市,3868,61,17,5,13,26,1.5770423991726992
2016,舟山市,4450,57,10,11,13,23,1.2808988764044944
2017,舟山市,5772,78,7,17,19,35,1.3513513513513513
2018,舟山市,4300,65,12,13,12,28,1.5116279069767442
2019,舟山市,5101,78,15,10,13,40,1.5291119388355225
2020,舟山市,4715,66,10,8,14,34,1.3997879109225875
2021,舟山市,6009,82,8,12,19,43,1.364619737061075
2022,舟山市,5754,77,5,26,20,26,1.338199513381995
2023,舟山市,5736,73,8,17,9,39,1.2726638772663879
2013,芜湖市,5122,64,8,14,12,30,1.2495119094103866
2014,芜湖市,4999,63,9,16,11,27,1.260252050410082
2015,芜湖市,5179,76,11,20,15,30,1.4674647615369762
2016,芜湖市,5570,79,9,28,15,27,1.4183123877917414
2017,芜湖市,5443,82,8,19,13,42,1.506522138526548
2018,芜湖市,4941,90,11,19,22,38,1.8214936247723135
2019,芜湖市,4425,103,12,14,40,37,2.327683615819209
2020,芜湖市,4070,68,10,10,20,28,1.6707616707616706
2021,芜湖市,5545,70,8,25,18,19,1.2623985572587917
2022,芜湖市,5996,65,6,26,12,21,1.0840560373582389
2023,芜湖市,5982,65,6,26,12,21,1.0865931126713473
2013,苏州市,5439,112,17,13,39,43,2.0592020592020592
2014,苏州市,5699,122,8,15,45,54,2.140726443235655
2015,苏州市,6834,141,12,23,40,66,2.0632133450395083
2016,苏州市,7028,135,17,23,45,50,1.9208878770631759
2017,苏州市,6407,109,11,10,40,48,1.7012642422350555
2018,苏州市,6085,121,10,13,37,61,1.9884963023829088
2019,苏州市,5903,91,13,5,22,51,1.5415890225309166
2020,苏州市,5943,119,13,18,39,49,2.0023557126030624
2021,苏州市,6201,88,13,14,33,28,1.4191259474278342
2022,苏州市,7064,100,8,23,39,30,1.4156285390713477
2023,苏州市,7058,117,11,30,40,36,1.6576933975630492
2013,茂名市,3637,40,3,4,10,23,1.0998075336816058
2014,茂名市,3665,51,12,2,12,25,1.3915416098226467
2015,茂名市,4127,59,11,6,20,22,1.4296098861158226
2016,茂名市,4559,66,15,8,13,30,1.447685896029831
2017,茂名市,5216,111,19,8,38,46,2.1280674846625764
2018,茂名市,4348,75,11,6,24,34,1.7249310027598896
2019,茂名市,5441,83,12,12,17,42,1.5254548796177172
2020,茂名市,7126,104,16,12,32,44,1.4594442885209093
2021,茂名市,6415,91,7,16,33,35,1.4185502727981294
2022,茂名市,7047,124,20,32,36,36,1.7596140201504185
2023,茂名市,5548,78,8,15,24,31,1.40591204037491
2013,荆州市,4732,49,7,5,12,25,1.0355029585798818
2014,荆州市,4983,60,6,7,19,28,1.2040939193257074
2015,荆州市,4711,80,11,5,27,37,1.6981532583315644
2016,荆州市,4904,74,7,13,27,27,1.5089722675367048
2017,荆州市,4670,73,6,15,28,24,1.563169164882227
2018,荆州市,4484,98,16,8,32,42,2.185548617305977
2019,荆州市,4487,81,9,8,29,35,1.805215065745487
2020,荆州市,4485,73,8,13,23,29,1.6276477146042363
2021,荆州市,4490,73,8,13,23,29,1.6258351893095768
2022,荆州市,5488,87,8,21,28,30,1.5852769679300291
2023,荆州市,6074,99,4,12,45,38,1.6298979255844583
2013,菏泽市,3925,56,14,11,13,18,1.4267515923566878
2014,菏泽市,3756,49,7,13,13,16,1.3045793397231098
2015,菏泽市,4416,65,13,18,12,22,1.4719202898550725
2016,菏泽市,4948,35,6,9,9,11,0.7073565076798707
2017,菏泽市,5786,39,8,12,6,13,0.6740407881092292
2018,菏泽市,5651,103,12,14,20,57,1.8226862502211998
2019,菏泽市,5913,80,14,6,22,38,1.3529511246406223
2020,菏泽市,5535,69,15,8,20,26,1.2466124661246614
2021,菏泽市,6269,77,17,10,20,30,1.2282660711437232
2022,菏泽市,4563,42,8,4,16,14,0.9204470742932281
2023,菏泽市,4518,60,8,21,12,19,1.3280212483399734
2013,蚌埠市,6326,68,4,10,21,33,1.0749288650015807
2014,蚌埠市,5960,57,7,11,19,20,0.9563758389261745
2015,蚌埠市,6568,82,8,16,23,35,1.248477466504263
2016,蚌埠市,7065,109,9,16,45,39,1.5428167020523709
2017,蚌埠市,6533,122,12,14,33,63,1.8674422164396143
2018,蚌埠市,6498,87,10,13,26,38,1.3388734995383196
2019,蚌埠市,6982,77,7,6,26,38,1.102835863649384
2020,蚌埠市,6576,76,5,14,24,33,1.1557177615571776
2021,蚌埠市,6343,66,2,20,23,21,1.0405171054705975
2022,蚌埠市,6551,73,9,26,17,21,1.1143336895130516
2023,蚌埠市,6844,90,8,24,19,39,1.3150204558737582
2013,衡水市,3401,47,5,7,13,22,1.3819464863275506
2014,衡水市,5421,89,20,15,27,27,1.6417635122671095
2015,衡水市,5861,98,17,10,28,43,1.6720696126940795
2016,衡水市,6693,121,19,19,42,41,1.8078589571193786
2017,衡水市,7050,147,21,20,45,61,2.0851063829787235
2018,衡水市,5569,107,12,16,49,30,1.9213503321960854
2019,衡水市,4731,67,16,7,21,23,1.4161910801099133
2020,衡水市,4733,56,12,4,16,24,1.1831819142193112
2021,衡水市,5098,66,9,9,22,26,1.2946253432718713
2022,衡水市,4252,73,10,12,21,30,1.7168391345249296
2023,衡水市,4701,78,9,17,24,28,1.6592214422463305
2013,衡阳市,5737,85,14,20,18,33,1.481610597873453
2014,衡阳市,4332,69,17,8,11,33,1.5927977839335181
2015,衡阳市,4512,83,23,10,22,28,1.8395390070921984
2016,衡阳市,4834,72,11,13,26,22,1.4894497310715764
2017,衡阳市,5159,90,17,11,34,28,1.7445241325838339
2018,衡阳市,5937,115,15,15,35,50,1.9370052214923363
2019,衡阳市,5641,85,12,14,18,41,1.5068250310228684
2020,衡阳市,5762,75,17,8,8,42,1.3016313779937523
2021,衡阳市,6729,86,10,15,22,39,1.2780502303462624
2022,衡阳市,6486,102,15,25,25,37,1.572617946345976
2023,衡阳市,6766,96,15,25,23,33,1.418859000886787
2013,襄阳市,5900,67,9,14,14,30,1.135593220338983
2014,襄阳市,5810,95,11,24,22,38,1.6351118760757317
2015,襄阳市,5556,94,9,16,26,43,1.6918646508279338
2016,襄阳市,6359,100,10,37,28,25,1.5725743041358704
2017,襄阳市,6176,94,14,35,28,17,1.5220207253886011
2018,襄阳市,5099,95,14,27,26,28,1.8631104138066286
2019,襄阳市,5939,95,13,17,24,41,1.5995958915642365
2020,襄阳市,6711,107,15,13,31,48,1.5943972582327524
2021,襄阳市,6392,83,8,19,21,35,1.2984981226533168
2022,襄阳市,5709,94,5,29,38,22,1.6465230338062706
2023,襄阳市,6334,100,8,29,33,30,1.5787811809283232
2013,西宁市,4569,65,14,11,15,25,1.4226307725979426
2014,西宁市,4894,108,26,16,27,39,2.206783816918676
2015,西宁市,5082,103,20,14,45,24,2.0267611176702083
2016,西宁市,7249,118,12,29,45,32,1.6278107325148297
2017,西宁市,6196,162,13,56,59,34,2.614590058102001
2018,西宁市,5971,177,14,61,59,43,2.964327583319377
2019,西宁市,6624,168,14,56,68,30,2.536231884057971
2020,西宁市,6171,143,9,44,63,27,2.3172905525846703
2021,西宁市,7127,187,18,49,84,36,2.623824891258594
2022,西宁市,6143,105,9,32,25,39,1.7092625752889465
2023,西宁市,4911,83,7,23,34,19,1.6900834860517207
2013,西安市,4300,52,12,4,16,20,1.2093023255813953
2014,西安市,4865,78,18,6,28,26,1.6032887975334018
2015,西安市,5009,54,5,6,24,19,1.0780594929127572
2016,西安市,5745,101,13,14,46,28,1.7580504786771107
2017,西安市,5742,101,13,14,46,28,1.7589690003483107
2018,西安市,7886,75,8,14,25,28,0.951052498097895
2019,西安市,5945,112,10,20,34,48,1.8839360807401178
2020,西安市,5666,67,7,12,20,28,1.1824920578891633
2021,西安市,6358,74,13,5,23,33,1.1638880150990878
2022,西安市,6116,75,7,15,28,25,1.2262916939175932
2023,西安市,6397,86,6,16,23,41,1.3443801782085354
2013,许昌市,3726,64,6,18,13,27,1.7176596886741815
2014,许昌市,3742,39,8,6,13,12,1.042223409941208
2015,许昌市,5004,54,9,10,15,20,1.079136690647482
2016,许昌市,5915,93,10,20,36,27,1.5722738799661875
2017,许昌市,5946,80,5,19,32,24,1.3454423141607803
2018,许昌市,3524,63,5,5,28,25,1.7877412031782065
2019,许昌市,5465,96,9,11,43,33,1.756633119853614
2020,许昌市,5091,66,12,14,15,25,1.296405421331762
2021,许昌市,5719,85,7,21,25,32,1.4862738240951217
2022,许昌市,3855,49,5,10,17,17,1.2710765239948119
2023,许昌市,5563,74,7,24,15,28,1.3302175085385584
2013,贵阳市,5191,109,6,21,57,25,2.099788094779426
2014,贵阳市,6413,120,13,13,61,33,1.871199126773741
2015,贵阳市,5660,91,7,4,42,38,1.6077738515901059
2016,贵阳市,6697,122,7,15,63,37,1.8217112139764073
2017,贵阳市,6211,102,7,9,56,30,1.6422476251811302
2018,贵阳市,6023,85,11,19,27,28,1.4112568487464718
2019,贵阳市,6513,85,13,12,16,44,1.3050821434054967
2020,贵阳市,5962,87,11,9,31,36,1.4592418651459242
2021,贵阳市,6422,107,10,21,40,36,1.6661476175646217
2022,贵阳市,6922,118,15,29,44,30,1.704709621496677
2023,贵阳市,6561,118,9,44,33,32,1.7985063252552964
2013,赣州市,5041,84,12,19,23,30,1.6663360444356279
2014,赣州市,4490,66,7,10,29,20,1.469933184855234
2015,赣州市,4501,77,12,18,26,21,1.7107309486780715
2016,赣州市,5189,69,7,16,23,23,1.3297359799576027
2017,赣州市,4984,96,10,26,30,30,1.9261637239165328
2018,赣州市,5117,106,14,16,38,38,2.071526284932578
2019,赣州市,6246,88,9,8,29,42,1.408901697086135
2020,赣州市,7299,84,13,12,21,38,1.1508425811755036
2021,赣州市,4520,77,8,20,30,19,1.7035398230088497
2022,赣州市,5675,104,11,27,38,28,1.8325991189427313
2023,赣州市,6272,100,11,28,30,31,1.594387755102041
2013,赤峰市,6369,73,8,21,20,24,1.1461767938451877
2014,赤峰市,5079,55,9,18,11,17,1.082890332742666
2015,赤峰市,4535,50,6,12,13,19,1.1025358324145533
2016,赤峰市,6063,69,6,20,21,22,1.1380504700643246
2017,赤峰市,5080,63,8,13,16,26,1.2401574803149606
2018,赤峰市,6363,93,12,18,40,23,1.4615747289014616
2019,赤峰市,5313,78,11,4,25,38,1.4680971202710333
2020,赤峰市,5099,90,15,12,27,36,1.7650519709747008
2021,赤峰市,5887,126,16,18,35,57,2.140309155766944
2022,赤峰市,5407,110,8,25,29,48,2.034399852043647
2023,赤峰市,5227,90,2,41,21,26,1.7218289649894778
2013,连云港市,5798,82,10,16,17,39,1.414280786478096
2014,连云港市,4908,81,10,9,18,44,1.6503667481662592
2015,连云港市,4783,76,12,6,23,35,1.5889609031988292
2016,连云港市,6508,112,15,19,26,52,1.7209588199139523
2017,连云港市,4915,78,7,17,25,29,1.5869786368260426
2018,连云港市,4358,90,7,14,36,33,2.065167508031207
2019,连云港市,5023,77,7,12,30,28,1.5329484371889308
2020,连云港市,5742,123,27,13,37,46,2.1421107628004177
2021,连云港市,5520,117,17,19,43,38,2.119565217391304
2022,连云港市,5814,123,10,24,43,46,2.1155830753353975
2023,连云港市,5559,104,10,28,40,26,1.8708400791509265
2013,遵义市,4951,66,11,10,15,30,1.3330640274691983
2014,遵义市,4999,61,6,10,23,22,1.220244048809762
2015,遵义市,6169,110,10,11,48,41,1.7831090938563787
2016,遵义市,7185,108,10,30,40,28,1.5031315240083507
2017,遵义市,6571,100,10,29,38,23,1.5218383807639628
2018,遵义市,5293,84,10,19,29,26,1.5870017003589647
2019,遵义市,4899,77,15,13,18,31,1.571749336599306
2020,遵义市,5099,78,18,10,18,32,1.529711708178074
2021,遵义市,6606,102,11,22,38,31,1.544050862851953
2022,遵义市,7276,143,20,28,51,44,1.965365585486531
2023,遵义市,5471,87,6,18,26,37,1.5902028879546701
2013,郑州市,4614,50,4,5,22,19,1.083658430862592
2014,郑州市,5876,94,14,9,35,36,1.5997277059223962
2015,郑州市,4645,48,9,3,14,22,1.0333692142088267
2016,郑州市,5216,68,7,8,18,35,1.303680981595092
2017,郑州市,7032,106,19,15,45,27,1.5073947667804324
2018,郑州市,7886,119,20,11,57,31,1.5090032969819933
2019,郑州市,8338,109,21,13,37,38,1.3072679299592227
2020,郑州市,7812,125,15,14,56,40,1.6001024065540195
2021,郑州市,7895,102,13,13,46,30,1.2919569347688409
2022,郑州市,8772,111,15,29,34,33,1.265389876880985
2023,郑州市,8295,107,14,30,29,34,1.289933694996986
2013,鄂尔多斯市,5625,79,7,16,35,21,1.4044444444444444
2014,鄂尔多斯市,3975,52,9,6,14,23,1.3081761006289307
2015,鄂尔多斯市,4879,76,10,10,15,41,1.5576962492314
2016,鄂尔多斯市,5192,70,4,16,26,24,1.3482280431432974
2017,鄂尔多斯市,4097,68,4,9,20,35,1.6597510373443984
2018,鄂尔多斯市,5641,118,8,19,45,46,2.0918276901258643
2019,鄂尔多斯市,4971,85,6,23,25,31,1.7099175216254276
2020,鄂尔多斯市,6069,141,15,17,53,56,2.3232822540781015
2021,鄂尔多斯市,4742,111,7,32,35,37,2.3407844791227332
2022,鄂尔多斯市,5293,114,6,49,34,25,2.1537880219157377
2023,鄂尔多斯市,5480,85,8,34,18,25,1.551094890510949
2013,重庆市,6272,104,18,18,23,45,1.6581632653061225
2014,重庆市,6417,98,10,9,31,48,1.5271933925510361
2015,重庆市,6825,125,16,17,45,47,1.8315018315018317
2016,重庆市,7662,148,15,28,51,54,1.931610545549465
2017,重庆市,6662,112,8,22,31,51,1.6811768237766436
2018,重庆市,5972,126,13,19,37,57,2.1098459477561957
2019,重庆市,6652,113,11,23,44,35,1.6987372218881538
2020,重庆市,7245,125,12,29,41,43,1.725327812284334
2021,重庆市,9350,139,16,33,54,36,1.4866310160427807
2022,重庆市,8723,158,13,41,55,49,1.811303450647713
2023,重庆市,9441,150,9,55,38,48,1.5888147442008262
2013,金华市,6785,116,39,10,36,31,1.709653647752395
2014,金华市,4643,79,23,5,14,37,1.7014861081197503
2015,金华市,5206,78,13,5,17,43,1.498271225509028
2016,金华市,5959,107,21,20,26,40,1.7956032891424736
2017,金华市,5744,92,13,14,22,43,1.6016713091922006
2018,金华市,5067,66,11,11,19,25,1.3025458851391356
2019,金华市,5428,76,7,8,27,34,1.400147383935151
2020,金华市,5419,49,6,7,18,18,0.9042258719320908
2021,金华市,6609,61,7,14,20,20,0.9229838099561204
2022,金华市,6283,58,6,13,13,26,0.9231258952729587
2023,金华市,6092,50,7,12,10,21,0.8207485226526593
2013,铜陵市,3830,85,16,16,17,36,2.219321148825065
2014,铜陵市,3039,82,16,13,24,29,2.6982560052648896
2015,铜陵市,5335,99,16,15,21,47,1.8556701030927836
2016,铜陵市,5921,111,11,26,35,39,1.8746833305184933
2017,铜陵市,5440,83,10,14,27,32,1.525735294117647
2018,铜陵市,5902,135,17,18,41,59,2.2873602168756353
2019,铜陵市,5864,82,11,12,21,38,1.3983628922237379
2020,铜陵市,6777,95,11,12,21,51,1.401800206581083
2021,铜陵市,6556,76,7,18,20,31,1.1592434411226358
2022,铜陵市,6062,83,8,29,19,27,1.3691850874298912
2023,铜陵市,5878,96,9,37,23,27,1.633208574345015
2013,银川市,5258,94,7,17,31,39,1.787751996957018
2014,银川市,5197,99,7,11,40,41,1.904945160669617
2015,银川市,5280,73,6,8,26,33,1.3825757575757576
2016,银川市,6407,73,4,16,23,30,1.1393788044326518
2017,银川市,6299,53,3,12,21,17,0.8414033973646611
2018,银川市,6394,183,13,51,62,57,2.8620581795433218
2019,银川市,5311,134,12,31,53,38,2.5230653360948976
2020,银川市,4461,81,7,25,25,24,1.815736381977135
2021,银川市,5794,115,11,25,45,34,1.9848118743527785
2022,银川市,5794,115,11,25,45,34,1.9848118743527785
2023,银川市,6073,104,7,46,29,22,1.7124979417092048
2013,镇江市,3736,73,2,15,22,34,1.9539614561027836
2014,镇江市,4450,115,7,18,36,54,2.584269662921348
2015,镇江市,4012,96,6,16,37,37,2.3928215353938187
2016,镇江市,5180,106,12,23,39,32,2.0463320463320462
2017,镇江市,5420,122,9,30,46,37,2.2509225092250924
2018,镇江市,5856,118,17,26,24,51,2.0150273224043715
2019,镇江市,4271,98,11,20,25,42,2.294544603137439
2020,镇江市,5188,90,16,7,20,47,1.7347725520431765
2021,镇江市,4398,71,12,9,19,31,1.6143701682582994
2022,镇江市,4950,67,10,21,10,26,1.3535353535353536
2023,镇江市,4240,72,7,13,21,31,1.6981132075471699
2013,长春市,4263,45,5,7,17,16,1.0555946516537649
2014,长春市,4285,50,4,8,8,30,1.1668611435239207
2015,长春市,3997,49,4,10,14,21,1.2259194395796849
2016,长春市,4512,63,5,15,21,22,1.3962765957446808
2017,长春市,4584,55,8,11,20,16,1.199825479930192
2018,长春市,3889,43,9,11,8,15,1.105682694780149
2019,长春市,3960,58,5,9,20,24,1.4646464646464648
2020,长春市,3619,32,3,10,8,11,0.8842221608179055
2021,长春市,4459,50,10,8,14,18,1.1213276519398967
2022,长春市,4459,50,10,8,14,18,1.1213276519398967
2023,长春市,3421,24,2,7,6,9,0.7015492546039169
2013,长沙市,5522,92,13,19,29,31,1.6660630206446938
2014,长沙市,4533,69,13,14,17,25,1.5221707478491064
2015,长沙市,5184,63,4,15,17,27,1.215277777777778
2016,长沙市,5180,63,4,15,17,27,1.2162162162162162
2017,长沙市,6475,59,7,12,22,18,0.9111969111969112
2018,长沙市,7025,82,13,11,29,29,1.1672597864768683
2019,长沙市,7146,85,13,11,18,43,1.1894766302826756
2020,长沙市,8475,102,21,6,25,50,1.2035398230088497
2021,长沙市,8513,97,11,13,38,35,1.1394338071185246
2022,长沙市,8390,107,3,28,37,39,1.2753277711561384
2023,长沙市,2764,21,2,0,9,10,0.759768451519537
2013,长治市,4324,68,12,18,18,20,1.572617946345976
2014,长治市,5400,85,18,14,23,30,1.574074074074074
2015,长治市,6099,89,16,19,17,37,1.4592556156747007
2016,长治市,5355,70,7,14,25,24,1.3071895424836601
2017,长治市,7161,121,20,27,33,41,1.6897081413210446
2018,长治市,5448,68,9,12,22,25,1.2481644640234948
2019,长治市,5667,73,13,15,13,32,1.2881595200282336
2020,长治市,5618,83,14,15,22,32,1.4773940904236382
2021,长治市,6251,99,11,21,27,40,1.583746600543913
2022,长治市,5597,87,6,23,32,26,1.5544041450777202
2023,长治市,5287,95,12,30,30,23,1.7968602231889539
2013,阜阳市,4830,55,7,14,13,21,1.1387163561076603
2014,阜阳市,4477,40,8,4,10,18,0.8934554389099844
2015,阜阳市,4503,70,6,12,16,36,1.5545192094159448
2016,阜阳市,5476,91,9,19,33,30,1.6617969320672024
2017,阜阳市,5403,93,6,20,29,38,1.7212659633536922
2018,阜阳市,5090,86,12,15,30,29,1.6895874263261297
2019,阜阳市,5146,80,8,10,24,38,1.554605518849592
2020,阜阳市,5472,61,10,5,13,33,1.114766081871345
2021,阜阳市,6440,81,6,21,18,36,1.2577639751552796
2022,阜阳市,6759,110,8,42,26,34,1.627459683385116
2023,阜阳市,7176,86,2,41,19,24,1.1984392419175027
2013,阳泉市,4562,96,18,18,35,25,2.104340201665936
2014,阳泉市,5237,73,5,5,39,24,1.3939278212717205
2015,阳泉市,4921,115,19,29,20,47,2.336923389554969
2016,阳泉市,5890,96,15,21,19,41,1.629881154499151
2017,阳泉市,5869,94,13,15,27,39,1.6016357130686658
2018,阳泉市,5965,92,12,8,23,49,1.54233025984912
2019,阳泉市,5939,103,11,15,17,60,1.7342987034854354
2020,阳泉市,6396,109,12,32,31,34,1.7041901188242652
2021,阳泉市,6555,114,9,27,46,32,1.7391304347826086
2022,阳泉市,5427,106,10,32,39,25,1.9531969780726002
2023,阳泉市,7303,131,16,47,39,29,1.793783376694509
2013,青岛市,4916,81,8,10,36,27,1.647681041497152
2014,青岛市,5278,83,12,12,20,39,1.572565365668814
2015,青岛市,5439,79,12,10,19,38,1.4524728810443097
2016,青岛市,7611,138,19,28,45,46,1.8131651556957036
2017,青岛市,6538,98,12,15,31,40,1.4989293361884368
2018,青岛市,7022,99,10,18,22,49,1.4098547422386785
2019,青岛市,7138,88,7,12,17,52,1.2328383300644439
2020,青岛市,9836,86,11,12,22,41,0.8743391622610817
2021,青岛市,6869,84,8,25,24,27,1.2228854272819916
2022,青岛市,6617,104,10,31,26,37,1.5717092337917484
2023,青岛市,5668,85,9,20,17,39,1.4996471418489767
2013,马鞍山市,5176,76,10,16,18,32,1.4683153013910355
2014,马鞍山市,5620,71,7,5,21,38,1.2633451957295374
2015,马鞍山市,5747,69,5,14,18,32,1.2006264137811034
2016,马鞍山市,5720,91,6,21,20,44,1.5909090909090908
2017,马鞍山市,4896,59,3,15,21,20,1.2050653594771243
2018,马鞍山市,5368,104,9,23,34,38,1.9374068554396422
2019,马鞍山市,4849,63,8,7,14,34,1.2992369560734174
2020,马鞍山市,5990,105,14,17,26,48,1.7529215358931551
2021,马鞍山市,5073,100,9,17,34,40,1.9712201852946976
2022,马鞍山市,5673,120,7,32,43,38,2.1152829190904283
2023,马鞍山市,5842,108,9,34,27,38,1.8486819582334817
