地区,年份段,GML,EC,TC
三亚市,2013-2014,0.7764739441037737,1.1090556815200938,0.7001216954585391
三亚市,2014-2015,12121991.675311506,33897624.26965461,0.35760593659547985
三亚市,2015-2016,1.2037212632575882,1.0000050794273558,1.2037151490739313
三亚市,2016-2017,0.6939403633099704,0.5459963670754028,1.2709615029620451
三亚市,2017-2018,0.721831420511427,0.5750760143137036,1.2551930571697751
三亚市,2018-2019,0.893563633323127,0.7573902025929291,1.179792965718341
三亚市,2019-2020,1.12297363590164,1.1048105005536377,1.0164400459073302
三亚市,2020-2021,1.6100593700441916,3.7886154732043624,0.42497302284478716
三亚市,2021-2022,0.7947573984210963,1.0046287739311006,0.7910955957504779
三亚市,2022-2023,0.9308768696553424,0.31734082884833564,2.933366226569697
上海市,2013-2014,1.4843165212748297,1.7780580308706253,0.8347964439316049
上海市,2014-2015,1.0016797534710653,1.0462273387859364,0.9574207405375537
上海市,2015-2016,1.034450952287707,0.9618013945857083,1.0755348849679014
上海市,2016-2017,1.035826015141562,0.9038484395983557,1.1460173738883184
上海市,2017-2018,0.9895328516994927,1.1392920335742194,0.8685506635160979
上海市,2018-2019,1.102339555303664,0.9482198032341865,1.162535892568164
上海市,2019-2020,1.096773885705461,1.2118801927466585,0.905018410458285
上海市,2020-2021,0.9722321075387995,1.02525930658682,0.948279231695489
上海市,2021-2022,0.8843347105077248,1.0003944468559036,0.8839860249995011
上海市,2022-2023,3.7288289579756873,2.8139227200275916,1.3251355239560825
东莞市,2013-2014,0.5019785736239568,-0.523578299167148,-0.9587459495980836
东莞市,2014-2015,1.1212325379807384,1.1235866210371734,0.9979048495128378
东莞市,2015-2016,1.649807806339214,2.611711353514651,0.6316960731969951
东莞市,2016-2017,1.0531459709867077,0.6673786395779162,1.57803368062959
东莞市,2017-2018,1.0402900312467043,1.411458680833083,0.7370318702016099
东莞市,2018-2019,1.1164570561931246,1.770254308762154,0.6306760845981527
东莞市,2019-2020,0.891713107355224,0.41688434421568354,2.138993991325993
东莞市,2020-2021,1.1668784120138445,2.398746832024326,0.48645334156798214
东莞市,2021-2022,2.177233614051058,0.99999999999568,2.177233614060464
东莞市,2022-2023,1.0,0.999999999999559,1.000000000000441
中山市,2013-2014,1.2997707337315652,0.9366503261839959,1.3876797961806697
中山市,2014-2015,0.6230675624587286,0.4612299921670733,1.3508825814454672
中山市,2015-2016,0.9891240415542554,0.8822778703491617,1.1211026308104148
中山市,2016-2017,1.0003369325301752,0.9176168586275605,1.0901466370466815
中山市,2017-2018,0.8398736948678419,0.7147817356784295,1.1750072126153062
中山市,2018-2019,1.5071152061354856,1.5175416982052146,0.9931293538213413
中山市,2019-2020,0.8409635976114879,1.318992371492376,0.6375803346458921
中山市,2020-2021,1.1796254129672517,1.9983973119119542,0.59028572843638
中山市,2021-2022,0.8831609864460249,0.4084606286579916,2.1621691895928237
中山市,2022-2023,0.9621286592687718,0.7775381822522771,1.2374037458608087
临沂市,2013-2014,0.6051560401093344,0.34690403815969123,1.7444479554624308
临沂市,2014-2015,1.1819199390940778,1.5581013968839723,0.7585641996456616
临沂市,2015-2016,0.9781798148632647,0.6895405096443168,1.4185965888615242
临沂市,2016-2017,1.0578146066853313,1.120363691237908,0.9441707321990548
临沂市,2017-2018,1.0892560170474144,1.211117852172401,0.8993806961837766
临沂市,2018-2019,1.1139201021534386,0.876548008997768,1.270803299669893
临沂市,2019-2020,1.3282018586297422,1.6208704446280289,0.8194373973760434
临沂市,2020-2021,1.0256966661616045,1.2739602189674202,0.8051245642449965
临沂市,2021-2022,1.180569906972332,1.2471858377969511,0.9465870050751294
临沂市,2022-2023,0.8737342988039405,0.9999999568492864,0.8737343365062006
乌鲁木齐市,2014-2015,0.9765765377778794,0.8269424379252766,1.1809486283326096
乌鲁木齐市,2015-2016,0.952265432364976,1.2619361945883933,0.754606640532707
乌鲁木齐市,2016-2017,0.9430504923222309,0.9813244324658207,0.960997669193442
乌鲁木齐市,2017-2018,0.9375236095278857,0.8861374128111291,1.057988970981083
乌鲁木齐市,2018-2019,1.5509930708215387,-2572.011718763661,-0.000603027217763644
乌鲁木齐市,2019-2020,0.7810604522102165,-0.00046555477392132787,-1677.6982988089917
乌鲁木齐市,2020-2021,25817596.396164622,25692087.34672076,1.004885124659203
乌鲁木齐市,2021-2022,1.5705045935247686,1.4267305319092491,1.1007717003316113
乌鲁木齐市,2022-2023,1.032791161781582,1.7256148784728893,0.5985061757786692
九江市,2013-2014,0.9666254024447258,1.009882500156117,0.9571662072521269
九江市,2014-2015,0.9419110187732735,0.7660125172186091,1.2296287561897183
九江市,2015-2016,0.7795630865683941,1.1296418498421268,0.6900975620523815
九江市,2016-2017,0.9922343506622813,0.7349036013357273,1.350155787587435
九江市,2017-2018,1.151251741897313,1.4982359878773395,0.7684048115333123
九江市,2018-2019,0.846594881843319,0.7897960437353112,1.07191583011657
九江市,2019-2020,0.9875671143521622,1.0913846852131113,0.9048753640512401
九江市,2020-2021,8571540.760862697,11749368.22857808,0.7295320560312402
九江市,2021-2022,1.0703548447397047,0.9570786237950741,1.118356233363002
九江市,2022-2023,0.9346372367925277,0.8379270059946492,1.1154160566564866
佛山市,2013-2014,1.2862621963686398,1.0181556507317455,1.263325696266781
佛山市,2014-2015,1.0173513817146171,1.2249618630936834,0.8305167796369278
佛山市,2015-2016,1.1489449665368927,0.970801268658399,1.1835017151601788
佛山市,2016-2017,0.5145452038513572,0.5129252976187599,1.0031581718431857
佛山市,2017-2018,2.351766370349293,9.75179267797682,0.24116246602129449
佛山市,2018-2019,1.280124814523497,0.5053168318308365,2.5333112492719034
佛山市,2019-2020,0.6528669883166252,0.4460067092408079,1.4638053078347961
佛山市,2020-2021,1.0006374785386722,1.0134682431231605,0.9873397467838279
佛山市,2021-2022,1.5935594964151605,1.5489336291191116,1.0288107033491345
佛山市,2022-2023,1.0892087360433689,1.0119180229271774,1.0763804096428804
兰州市,2013-2014,2.3440882142247306,10.594012533099368,0.22126538050629885
兰州市,2014-2015,0.9739191758820874,0.9734216372272649,1.0005111234800983
兰州市,2015-2016,7289876.633679017,7954926.4697948005,0.9163977393579933
兰州市,2016-2017,3.272735621260539,3.0339409784480496,1.07870774168278
兰州市,2019-2020,0.9810144005981393,0.9432161581133396,1.0400737860135956
兰州市,2020-2021,0.9341396676475657,1.015124203168269,0.9202220425166248
兰州市,2021-2022,1.047124804375067,1.0247419053011593,1.0218424746349468
兰州市,2022-2023,0.9507275284001829,0.9041484107896126,1.0515171149500686
北京市,2013-2014,1.2977645205492754,1.2789420366926851,1.0147172298013323
北京市,2014-2015,0.9807872111984552,0.9461582207676186,1.0365995767629035
北京市,2015-2016,1.298361581244184,1.2906681271871434,1.0059608305922976
北京市,2016-2017,1.0720134464693039,1.0565126175794903,1.0146716931079598
北京市,2017-2018,1.0795652500732622,1.2417471876515302,0.8693921442375105
北京市,2018-2019,1.1350639462045127,1.0169252425434587,1.1161724566552937
北京市,2019-2020,1.0378130975828042,1.083887383328405,0.9574916301690718
北京市,2020-2021,0.9980868354211125,1.0449687539519212,0.9551355785964815
北京市,2021-2022,1.0925733589355973,3.3293954974668667,0.32815967936728135
北京市,2022-2023,0.9545877564533034,0.30766869706925404,3.102648288715678
南京市,2013-2014,28588896.585674714,30118427.772539075,0.9492161012382282
南京市,2014-2015,2.091240135473398,2.4477605449187183,0.8543483306872408
南京市,2015-2016,0.9387498351420067,0.7921483408232679,1.1850682337684102
南京市,2016-2017,1.1374047191806536,1.0930963613097562,1.0405347226824604
南京市,2017-2018,1.2683905719320987,2.6653628414217354,0.47587913818725125
南京市,2018-2019,0.8240617536749393,0.4054178814535558,2.0326231066089346
南京市,2019-2020,0.9996274617500044,1.0912884279154174,0.9160066543173155
南京市,2020-2021,0.9843957797743437,1.0669842012540913,0.9225963970387974
南京市,2021-2022,1.2694174856616882,1.0376917973491473,1.2233087790657107
南京市,2022-2023,0.9364060680668602,0.9728011653534965,0.9625873214559617
南充市,2013-2014,7812725.610255135,13892935.829791538,0.5623523858435877
南充市,2014-2015,1.1493033451793466,2.604078151277732,0.4413474859099074
南充市,2015-2016,1.0705737828900368,0.5234571187234851,2.04519863155317
南充市,2016-2017,1.0412055507909947,0.8852458361310325,1.1761767277455766
南充市,2017-2018,0.9365473618089616,2.1580176719099753,0.43398502894559754
南充市,2018-2019,0.9745372850551027,0.5014173767300061,1.9435650423815556
南充市,2019-2020,1.1553476361732011,1.994346521181466,0.5793113803958022
南充市,2020-2021,1.1160027972114301,0.9999999999015383,1.1160027973213136
南充市,2021-2022,0.7765116573978383,1.0000000000941134,0.7765116573247582
南充市,2022-2023,0.8642668941650614,0.4290609993675765,2.014321729168966
南宁市,2016-2017,1.2141752975950155,1.1768753448618483,1.0316940557009848
南宁市,2017-2018,0.9931174735433715,1.2177975185935501,0.8155029538000172
南宁市,2018-2019,0.9684975991540935,0.769597751346384,1.2584465033320866
南宁市,2019-2020,0.8960449543366277,0.950779374980103,0.9424320488182437
南宁市,2020-2021,1.082036724971128,1.0934298907290934,0.9895803417717359
南宁市,2021-2022,2.1384778165657354,2.023314027820873,1.0569183958403603
南宁市,2022-2023,1.2998905157301028,2.0073932203629763,0.647551512351455
南昌市,2013-2014,0.8501834671117562,1.3113263721887836,0.6483385716499268
南昌市,2014-2015,0.9217579095648337,0.7649101361467316,1.205053856663777
南昌市,2015-2016,7231357.550201131,11164329.920623599,0.6477198006163198
南昌市,2016-2017,0.7455982452096157,0.5882257505044478,1.2675375815666166
南昌市,2017-2018,0.8712124004267513,1.1116117495130848,0.7837380279655781
南昌市,2018-2019,0.03426267403033773,0.025892680232858536,1.3232571414857794
南昌市,2019-2020,91.37536374207706,93.5600543126367,0.9766493234039886
南昌市,2020-2021,1.099674863563346,1.4617291775307268,0.752310948202462
南昌市,2021-2022,1.2122342519756781,1.0047350424801014,1.2065213222616213
南昌市,2022-2023,0.9985489262224068,0.9870775054539839,1.0116216008419185
南通市,2013-2014,1.1159253827645268,1.1892872475678182,0.9383144274410392
南通市,2014-2015,1.0272223519435353,1.1779954581869596,0.8720087541971702
南通市,2015-2016,1.0209645271573153,0.8302431433642128,1.2297175054289324
南通市,2016-2017,0.8344480638813597,0.7944613274090682,1.0503318853828896
南通市,2017-2018,1.0215999786307042,1.085993695300351,0.9407052573617035
南通市,2018-2019,0.8781883576889196,0.7606385402242914,1.1545409695253752
南通市,2019-2020,1.3571156192145748,3.812039036629852,0.3560077969228704
南通市,2020-2021,0.9418020476219099,0.7749561606360706,1.2152971941650157
南通市,2021-2022,1.0211397486023455,0.7401460362732449,1.3796463110765942
南通市,2022-2023,1.1509602367761775,1.2681127441911153,0.907616646901798
厦门市,2013-2014,1.1500953184930673,1.2734977383998778,0.9030996159742986
厦门市,2014-2015,1.0945999936592148,1.138422756051911,0.961505721701598
厦门市,2015-2016,0.7861836043084001,0.7158520959874477,1.098248658787451
厦门市,2016-2017,0.9789449310805309,0.8036961564714542,1.218053518357595
厦门市,2017-2018,1.0226744532283158,1.2157022342783912,0.841221167809524
厦门市,2018-2019,1.1186636317186531,0.9886834775718764,1.1314679137412078
厦门市,2019-2020,1.063540668337379,1.1054476691918678,0.9620904706550923
厦门市,2020-2021,1.1282159324391343,1.1979227001078452,0.9418102957207211
厦门市,2021-2022,0.9827027250060104,0.969471216185342,1.0136481708788956
厦门市,2022-2023,1.2707022789760312,1.1426926568843065,1.11202454248788
台州市,2013-2014,0.7918571355433625,0.685462842641953,1.1552152593586809
台州市,2014-2015,0.7193005217268985,0.5833666998200735,1.2330160805351946
台州市,2015-2016,1.5198836654453618,2.182794751871602,0.6963016857824869
台州市,2016-2017,1.4035373254424899,1.123109509450813,1.2496887557552627
台州市,2017-2018,0.8571963221069476,0.9785962829079422,0.8759447967242945
台州市,2018-2019,1.2535927704691536,0.9229651405517326,1.3582233124425236
台州市,2019-2020,0.8379172026373477,0.9258146505445499,0.9050593465382057
台州市,2020-2021,1.4410729994070353,3.1547098823409576,0.45680048345291413
台州市,2021-2022,1.2783399636653412,1.0000000005700045,1.2783399629366816
台州市,2022-2023,1.9130219000187119,0.9999999995011821,1.9130219009729614
合肥市,2013-2014,18807717.177805554,23458100.080148693,0.8017579050965639
合肥市,2014-2015,0.9948996077501603,1.0339298322136823,0.9622506061364369
合肥市,2015-2016,1.1798172082499923,0.983412589954634,1.1997174129166057
合肥市,2016-2017,2.2981912996433835,3.4061014351365633,0.6747277917021989
合肥市,2017-2018,0.7014096738142939,0.7694486027795387,0.9115744330167569
合肥市,2018-2019,0.7315281482053335,0.44480724533214056,1.644595846587653
合肥市,2019-2020,0.9581312705362267,1.055312483962066,0.9079123814957802
合肥市,2020-2021,1.106479804305632,1.1485902084896826,0.9633373122347761
合肥市,2021-2022,1.520376627849005,1.24572565818953,1.2204746830523165
合肥市,2022-2023,0.91594051645718,0.9549131596709729,0.9591872383168105
吉安市,2013-2014,1.0,-76.24401569257614,-0.01311578346072569
吉安市,2014-2015,0.9862788195155516,0.1834587042084572,5.376026303962554
吉安市,2015-2016,1.0,-0.7660081575762974,-1.3054691260261104
吉安市,2016-2017,0.9516884409944473,-7.260458281300164,-0.13107828791545978
吉安市,2017-2018,0.9695927998613714,0.8525084429158062,1.1373409940024821
吉安市,2018-2019,2434084.494991267,10379468.94504497,0.23450954069796306
吉安市,2019-2020,1.9381233732408576,0.9999999999255688,1.9381233733851144
吉安市,2020-2021,0.8156270045664461,0.5742086259587538,1.420436697906788
吉安市,2021-2022,0.901893124211782,0.7214479565732973,1.2501152938259823
吉安市,2022-2023,1.0139302334005673,0.9966162520662764,1.0173727663966887
哈尔滨市,2013-2014,0.9867081071796856,0.9985722232970367,0.9881189203539242
哈尔滨市,2014-2015,1.7781184990521293,1.7812323808056967,0.9982518385657468
哈尔滨市,2015-2016,1.5293396699026451,2.264090823403617,0.6754762901267285
哈尔滨市,2016-2017,1.5446820081685615,2.2188161305825678,0.696173958210315
哈尔滨市,2017-2018,0.6794385910860622,0.40566261992602054,1.6748858724276083
哈尔滨市,2018-2019,1.080930200348673,0.83976948055032,1.287174903808501
哈尔滨市,2019-2020,1.0566499071917588,1.1353893994193387,0.93064979092825
哈尔滨市,2020-2021,1.2822746354373837,1.3140981061600892,0.9757830328089457
哈尔滨市,2021-2022,1.3623021760869238,1.6664039675143287,0.8175101611879774
哈尔滨市,2022-2023,2.717824896242504,2.017650262250819,1.3470247778277464
唐山市,2013-2014,1.0013117471143504,0.8762712338189845,1.142696129314221
唐山市,2014-2015,0.9920574914156056,1.0786611537472568,0.9197118928119447
唐山市,2015-2016,15828148.789539825,37288120.169219896,0.4244823476675404
唐山市,2016-2017,1.0497327343597553,0.4914724205703994,2.135893471176761
唐山市,2017-2018,0.8454112675744474,0.964589886922227,0.8764463312713657
唐山市,2018-2019,0.8375806969017634,0.7311999402780888,1.1454879175499058
唐山市,2019-2020,1.2677467171254093,1.2843892198279994,0.9870424771201219
唐山市,2020-2021,0.9955689040994565,1.1054922753599818,0.9005661335582549
唐山市,2021-2022,0.9457025891512583,0.8893207194744159,1.0633988036511324
唐山市,2022-2023,1.1968267534375372,1.1448468259282376,1.0454033905078564
嘉兴市,2013-2014,0.977544322111614,0.9012872590902908,1.0846090547183511
嘉兴市,2014-2015,1.0038281513875165,0.859956537707213,1.1673010290309427
嘉兴市,2015-2016,0.9662352308211425,0.9493420321836494,1.0177946388812427
嘉兴市,2016-2017,0.989452588761615,1.0484730110520866,0.9437082102559343
嘉兴市,2017-2018,0.9551965483321385,0.8686039967979559,1.0996916337633718
嘉兴市,2018-2019,0.9933996526587408,0.7984135162134243,1.2442169784024482
嘉兴市,2019-2020,0.9341002748759663,1.0342550024844703,0.9031624431422483
嘉兴市,2020-2021,0.928179533640919,1.0543736392927017,0.8803136753907879
嘉兴市,2021-2022,0.957984421887382,0.8132871114919374,1.1779166402010282
嘉兴市,2022-2023,0.9711049318783896,0.9677683673769352,1.0034476891515869
大连市,2013-2014,1.021110624574459,0.88310339952047,1.1562752732340604
大连市,2014-2015,0.9106593707248919,1.2333959787295985,0.7383349600854656
大连市,2015-2016,0.9552288557237049,0.7967154975018162,1.1989585475855855
大连市,2016-2017,0.7302767359488983,0.679770935516044,1.0742982640093508
大连市,2017-2018,1.4059974992602748,1.3428878902967982,1.046995441257221
大连市,2018-2019,1.5447274870879462,2.3229906894268,0.6649736023992024
大连市,2019-2020,0.7110892834923326,0.367754746898116,1.9335964783327055
大连市,2020-2021,0.7932489682455631,0.9247913221474962,0.8577599608131344
大连市,2021-2022,1.209779783014843,1.1700686969383187,1.033939106464804
大连市,2022-2023,1.6365805089851988,2.5130140999298236,0.6512420718335407
天津市,2013-2014,1.0689900064330924,1.091982345314364,0.9789444042022012
天津市,2014-2015,0.9458740916429093,0.9442971273167391,1.0016699874229749
天津市,2015-2016,1.045099807556834,1.4795868045964329,0.7063457205147838
天津市,2016-2017,0.9508489167171812,0.8261251235764349,1.1509744584461927
天津市,2017-2018,0.9976570791791443,1.215940247492717,0.8204819942726008
天津市,2018-2019,1.238390823308534,0.8279902112079034,1.4956587729484416
天津市,2019-2020,0.9871143108216098,1.0639630885008515,0.9277711994806855
天津市,2020-2021,1.1674627863193772,1.1891871438275896,0.9817317588564831
天津市,2021-2022,1.3137218774372335,1.17058897963625,1.1222742570543083
天津市,2022-2023,1.013982389216599,1.0337774909818895,0.9808516804264241
太原市,2013-2014,1.0434609179372285,2.723560395784524,0.3831238402321747
太原市,2014-2015,1.0466177656113798,0.37040422427162323,2.825609690789807
太原市,2015-2016,0.9486924894421443,2.5798905604448317,0.3677258655803478
太原市,2016-2017,0.678137930557079,0.21855353311246234,3.1028458835672343
太原市,2017-2018,1.047589924250127,1.0827563588552518,0.9675213779004682
太原市,2018-2019,0.8539163499564156,0.7650771695598969,1.1161179341524758
太原市,2019-2020,1.8871260192588302,3.50854117863681,0.537866287774922
太原市,2020-2021,1.2094876652185764,1.4431472175212299,0.8380902866555843
太原市,2021-2022,0.9610961485150287,0.4261374453489337,2.255366570116961
太原市,2022-2023,2.4306171882130645,2.5345468545697596,0.9589947740877975
威海市,2013-2014,0.8971027105679658,0.870080453625456,1.0310571934237958
威海市,2014-2015,1.00681831279684,1.1250167014381207,0.8949363253983816
威海市,2015-2016,1.095077330140112,0.9386217293305722,1.1666865318802329
威海市,2016-2017,0.9691692444193085,0.8424371042352421,1.1504351358065037
威海市,2017-2018,0.9391240076217471,1.097468267375864,0.855718598467789
威海市,2018-2019,1.0048479803579973,0.9003747460216467,1.1160330571220163
威海市,2019-2020,1.2651058836364943,1.5314084520479463,0.8261061129345821
威海市,2020-2021,1.0098389750313785,1.182704573291704,0.8538387335569305
威海市,2021-2022,1.0823960574405056,0.9616815271592535,1.1255244349320457
威海市,2022-2023,1.1280788535145785,0.9414240458161335,1.1982685788917058
宁波市,2013-2014,0.9252871864593746,0.7161230188207177,1.2920785425709398
宁波市,2014-2015,1.0127533303321177,1.215011704673825,0.833533805836048
宁波市,2015-2016,0.9484959634001542,0.6968264687893022,1.3611652339327953
宁波市,2016-2017,1.010439845202292,0.9241908218453585,1.0933238259007134
宁波市,2017-2018,1.036041992461738,1.3108541087422485,0.7903564443611577
宁波市,2018-2019,0.9784066385492414,0.828014871870941,1.1816293061723429
宁波市,2019-2020,0.9463995974742063,1.0349638617423993,0.9144276746831607
宁波市,2020-2021,1.271644640736469,1.5426035150757984,0.8243496324938586
宁波市,2021-2022,0.9426063981999748,0.6635832965819533,1.4204793927985224
宁波市,2022-2023,0.9579808238794602,0.9839090508911001,0.9736477401156566
安庆市,2013-2014,0.9999999998745751,0.9999935578468843,1.0000064420691916
安庆市,2014-2015,0.99419413945803,1.0000103003302572,0.9941838990355336
安庆市,2015-2016,0.7070854107951078,1.000024952729715,0.7070677675242146
安庆市,2016-2017,0.40635363356321585,0.3237990172098055,1.2549563524459963
安庆市,2017-2018,0.9744229105099161,0.9099849946017754,1.0708120642542462
安庆市,2018-2019,1.019491997827601,0.9630942130869752,1.0585589488279197
安庆市,2019-2020,1.0106557906863396,1.0925893006986458,0.9250097818458275
安庆市,2020-2021,1.0419526342884389,1.3029835366594982,0.7996667685915105
安庆市,2021-2022,0.9491217185516208,0.7324944439149697,1.2957391369125497
安庆市,2022-2023,3.5257240035993624,1.03010463365465,3.4226853160446873
宜昌市,2013-2014,0.9652880099052907,1.0125233086299585,0.9533489270596825
宜昌市,2014-2015,1.0123982299082173,0.8733779484967197,1.1591753966891227
宜昌市,2015-2016,0.9727347932424624,1.5972120773643836,0.6090204344357366
宜昌市,2016-2017,0.7898508096474124,0.45904814151674006,1.7206273987683904
宜昌市,2017-2018,0.9448848032075895,1.6587430478755107,0.5696390435021154
宜昌市,2018-2019,0.8751829863426028,0.683280739988742,1.2808541718255118
宜昌市,2019-2020,1.0745879793547262,1.2161666565036264,0.8835861216949273
宜昌市,2020-2021,0.8666869525414425,1.1117468894306675,0.7795721857025193
宜昌市,2021-2022,1.1118122463510816,0.7759804119928406,1.4327839068717876
宜昌市,2022-2023,10255861.06550265,9819929.290168928,1.0443925574667985
宝鸡市,2013-2014,0.8378425056305856,0.8870253781241146,0.9445530266591231
宝鸡市,2014-2015,0.9958077789397998,0.8490170037548839,1.1728949768210948
宝鸡市,2015-2016,1.3496391929453022,2.135295118375575,0.6320621357351484
宝鸡市,2016-2017,1.1276131429469187,0.7679450592587529,1.4683513219491637
宝鸡市,2017-2018,0.7833978289655583,1.5182095713329105,0.5160011132572264
宝鸡市,2018-2019,0.7947883149080163,0.6213094471101328,1.2792149203666185
宝鸡市,2019-2020,1.0858495400555364,1.108570758993789,0.9795040427019057
宝鸡市,2020-2021,1.9175190553287875,-358.04791798143265,-0.005355481652118487
宝鸡市,2021-2022,0.4262046514366138,-0.00035838563744839167,-1189.2347429742863
宝鸡市,2022-2023,0.9686721591954046,5.7930852227184335,0.16721179163679736
宣城市,2013-2014,0.7426737761220153,0.8377130207484461,0.886549161499819
宣城市,2014-2015,0.9924025527909628,0.7757649973355422,1.2792566772147342
宣城市,2015-2016,3137215.301649165,3944418.3848476564,0.7953556128073701
宣城市,2016-2017,1.0986328633134541,1.095805545304026,1.0025801274884438
宣城市,2017-2018,0.7867428387304713,0.8911257942037825,0.8828639501266183
宣城市,2018-2019,1.1126982632125775,1.0390938987716722,1.070835142548632
宣城市,2019-2020,1.1739445621397007,1.446765348673506,0.8114270660519025
宣城市,2020-2021,1.0135616408510357,0.9641297521042796,1.0512709919374106
宣城市,2021-2022,1.0047905563017852,0.932272080362837,1.077786815100935
宣城市,2022-2023,1.0725576875399634,1.0445077574390365,1.0268546881544478
宿迁市,2013-2014,1.0004256802522968,0.9992045371807214,1.0012221152187928
宿迁市,2014-2015,0.8783818042367411,0.8754068150125537,1.0033984076582094
宿迁市,2015-2016,1.1208408812692081,1.2505402116225466,0.896285358001358
宿迁市,2016-2017,0.9163455599343868,0.6430712756226001,1.4249517816624784
宿迁市,2017-2018,1.0194749477285439,1.1102041597714278,0.9182770022573473
宿迁市,2018-2019,1.2408707493833726,2.526296940134531,0.49118166976732885
宿迁市,2019-2020,0.8319084065347876,0.4500699515295854,1.8483980183691557
宿迁市,2020-2021,0.9175587146702852,0.9017239286811355,1.0175605697991288
宿迁市,2021-2022,0.9641330181293006,0.7806199153679488,1.2350863706505002
宿迁市,2022-2023,1.0549936705243086,1.07573403767715,0.9807198002234582
常州市,2013-2014,0.8892491844239669,0.8427441659927846,1.0551828423236815
常州市,2014-2015,0.8616520286025117,0.884378648450931,0.9743021613103992
常州市,2015-2016,1.0371502433728401,0.8730594512812452,1.1879491618248745
常州市,2016-2017,0.8963416628793488,0.8502814013095733,1.0541706092816274
常州市,2017-2018,1.2109348377128788,1.642778322984146,0.7371261361138408
常州市,2018-2019,0.9169330146538968,0.6876036788949064,1.3335196462700154
常州市,2019-2020,1.0280908882194044,1.1413450851072868,0.9007712931297754
常州市,2020-2021,0.9482044742005399,1.018502595438686,0.9309789473753206
常州市,2021-2022,1.0239086929609766,0.9812735687364788,1.0434487645268957
常州市,2022-2023,1.099310079591601,1.0568208220449036,1.0402047884186107
广州市,2013-2014,1.3649438382121644,1.4355807849147328,0.9507955613192719
广州市,2014-2015,0.9682603770946391,0.9543666975885949,1.0145580095587465
广州市,2015-2016,0.9630768130481975,1.1039159500389242,0.8724186048894749
广州市,2016-2017,0.9206517012355434,0.8575842907280239,1.0735407716645324
广州市,2017-2018,1.4748670666350459,1.5807853534968135,0.9329964143281891
广州市,2018-2019,1.3253677701035198,1.1610694823140366,1.1415059910644048
广州市,2019-2020,1.0638899802053658,1.1941175478368,0.8909424219857186
广州市,2020-2021,1.0085080673158224,1.0075798733006205,1.0009212113498867
广州市,2021-2022,1.7233487384840056,1.4787282253072735,1.1654262825245667
广州市,2022-2023,1.0332291377170804,2.028148655111473,0.509444480370346
廊坊市,2013-2014,0.9600000983373529,-0.7908110487079125,-1.2139437099492658
廊坊市,2014-2015,5648814.530323248,10488554.212444995,0.5385694172816263
廊坊市,2015-2016,1.707482766614595,1.9437309966035132,0.8784563139643604
廊坊市,2016-2017,0.9449104449721069,0.9051532381393096,1.0439231780405764
廊坊市,2017-2018,0.9989356669067436,0.9521455914030036,1.049141723625264
廊坊市,2018-2019,1.1096984036374915,1.008189075608521,1.1006848124868855
廊坊市,2019-2020,0.9651024155795334,1.4804927368310863,0.6518791964121906
廊坊市,2020-2021,0.9756368132776865,0.9466668545678442,1.030602062985576
廊坊市,2021-2022,0.9481107713364312,0.8015588268932919,1.1828336729958424
廊坊市,2022-2023,1.9997517860461744,2.640975648384708,0.7572019027397229
张家口市,2014-2015,1.0068046814488572,1.1580287948749932,0.8694124756695187
张家口市,2015-2016,0.8077239976809527,1.2797650115302615,0.6311502427427109
张家口市,2016-2017,0.9657418659620347,0.564074454418453,1.7120822586402906
张家口市,2017-2018,1.2257897001554412,-15821540.457597649,-7.747600200123407e-08
张家口市,2018-2019,0.6448226580711665,-6.877366587238806e-08,-9376011.150367605
张家口市,2019-2020,1.0053660951972656,0.852021632410232,1.1799771941860757
张家口市,2020-2021,10841054.153006721,10518020.944634117,1.0307123564473792
张家口市,2021-2022,1.5705332685198918,1.8739619026998398,0.8380817487576484
张家口市,2022-2023,1.0234303357775862,0.8949949793434828,1.143503996556848
徐州市,2013-2014,0.7946515383089656,0.6782872222393285,1.171556108171206
徐州市,2014-2015,1.1982121225328604,1.8443081355713888,0.6496810914742508
徐州市,2015-2016,0.9350262851164973,0.6798632103923304,1.3753153146453083
徐州市,2016-2017,0.9006827007928905,0.770958306553892,1.168263825859603
徐州市,2017-2018,0.9049009734930291,1.0916197278859556,0.8289525650525496
徐州市,2018-2019,1.007726000375342,0.8554392681615306,1.1780216759760151
徐州市,2019-2020,1.133231818208127,1.3025877465618751,0.8699850134466902
徐州市,2020-2021,2.179985722322256,2.8854818498463883,0.7555014502823194
徐州市,2021-2022,0.7503036739974656,0.4880637105360655,1.5373068265480512
徐州市,2022-2023,1.2694917738649205,1.7856021415399863,0.7109600421794139
惠州市,2013-2014,1.140253600403594,1.2357490411942667,0.922722626029001
惠州市,2014-2015,1.0808340314267972,2.31353761621159,0.4671780669798053
惠州市,2015-2016,2.3394160181826056,1.930656714124994,1.2117203442057114
惠州市,2018-2019,0.6024000334679516,0.2987266326928377,2.0165595147566324
惠州市,2019-2020,1.4663015858349637,1.5873648753486436,0.9237331684770397
惠州市,2020-2021,1.070384593032716,1.1663337055942475,0.9177344253181422
惠州市,2021-2022,1.4399511807059038,1.8081167274793577,0.796381759441658
惠州市,2022-2023,1.269165209026817,1.0000000000020193,1.2691652090242542
成都市,2013-2014,0.7485686505358351,0.5673042612262229,1.3195188220828993
成都市,2014-2015,1.0592012377540008,1.762722526027139,0.6008893754488125
成都市,2015-2016,0.8715767627420092,0.5176562838389426,1.683697831847785
成都市,2016-2017,0.8200715122748418,0.5649897450275472,1.451480348966082
成都市,2017-2018,0.9541191536640287,1.1541299643989684,0.8266999238347489
成都市,2018-2019,0.9539906491196041,0.792194684061778,1.2042376303615903
成都市,2019-2020,0.9562480620155539,1.0708454840286554,0.8929841665092786
成都市,2020-2021,1.1388610542517552,1.1566765025318062,0.9845977261221651
成都市,2021-2022,1.0389114332595268,1.0087354052648372,1.0299147108718436
成都市,2022-2023,0.9756903286475385,0.9923152135446012,0.9832463670110652
扬州市,2013-2014,0.9402244798376049,0.8851580441344693,1.0622108515739481
扬州市,2014-2015,0.9780512138694104,1.0502654711826653,0.9312419009339257
扬州市,2015-2016,1.0768702605058917,0.8649997476679907,1.2449370805125626
扬州市,2016-2017,0.8384858386688525,0.7834076247020272,1.0703059457556015
扬州市,2017-2018,1.0672506515079192,1.3308033476399515,0.8019596985539471
扬州市,2018-2019,0.9505917058878669,0.8123365787922144,1.170194388268482
扬州市,2019-2020,0.9581384017210737,1.0683522526991893,0.8968375358411417
扬州市,2020-2021,1.150638447062938,1.2454532981165627,0.9238712112312775
扬州市,2021-2022,1.1608595813892166,1.0218083563709859,1.136083468246511
扬州市,2022-2023,1.0290833884962316,1.0872815264680118,0.9464737176572526
承德市,2013-2014,0.9507426512782522,0.992616916511884,0.9578142740295214
承德市,2014-2015,1.1342709225504035,1.1726501659187571,0.9672713614991185
承德市,2015-2016,1.0340427433953523,2.3596824669388483,0.4382126654256103
承德市,2016-2017,1.044338184837593,0.4396144936439731,2.3755772385506524
承德市,2017-2018,0.9288070988220607,1.0004210822323754,0.9284161592731406
承德市,2018-2019,0.9974216664005826,0.9025884398110401,1.1050680713453367
承德市,2019-2020,1.0097764233094237,1.1069327989920634,0.9122292014735609
承德市,2020-2021,1.0432141505630526,1.2401897240120416,0.8411730321294966
承德市,2021-2022,1.1026113502460249,1.1657999119202438,0.9457981073526261
承德市,2022-2023,1.0368375534389775,0.8378659454187283,1.2374742751011465
抚州市,2014-2015,0.8850620405682056,0.5591758506473116,1.5827973249267517
抚州市,2015-2016,0.9669124804564763,0.8701720643577329,1.1111738931427853
抚州市,2016-2017,0.7360561977893012,1.7516658774333562,0.4202035372566679
抚州市,2017-2018,1097719.4476638811,1088107.6995234997,1.0088334529243663
抚州市,2018-2019,5.439179336236824,4.688801773140259,1.1600361029112156
抚州市,2019-2020,1.181679141263321,1.8328012911909883,0.64473936533264
抚州市,2020-2021,1.0057563897415152,1.0176957941217333,0.9882681991522606
抚州市,2021-2022,0.870637814194893,0.579422298946364,1.5025963201245145
抚州市,2022-2023,0.9669659708819061,0.96866783800699,0.9982430849272487
新余市,2013-2014,1.0000000062930896,1.352917531347743,0.7391433573167717
新余市,2014-2015,0.9951863770962175,0.8512623333901334,1.1690713168676332
新余市,2015-2016,5357316.289780706,9575552.984649278,0.5594785281193791
新余市,2016-2017,1.0344862406145368,0.7834802319992185,1.3203731228480677
新余市,2017-2018,1.0811424745557334,1.8165318948358746,0.595168451283051
新余市,2018-2019,0.7487102628730831,0.36678490308784184,2.0412788437308538
新余市,2019-2020,1.0131251748164096,1.4750316763434002,0.6868497748658147
新余市,2020-2021,1.0801147983078534,0.9286696160638533,1.1630775677639775
新余市,2021-2022,1.0261982307528152,0.9948353522376151,1.0315256976389688
新余市,2022-2023,0.9492425275420225,0.9410345694382583,1.0087222705417336
无锡市,2013-2014,0.761286748281788,2.086469412835492,0.3648683961521423
无锡市,2014-2015,0.7763689883704459,0.4395033675777361,1.7664688046630894
无锡市,2015-2016,1.174073048490131,1.0742598714888698,1.0929134371024445
无锡市,2016-2017,0.8382801581265115,0.5946587983511962,1.4096825952139302
无锡市,2017-2018,1.424060641987456,2.050698482727921,0.6944271203112774
无锡市,2018-2019,0.9413785138777705,0.6618402458282457,1.4223651701623292
无锡市,2019-2020,0.8671647666700368,1.016190625499877,0.8533485203560774
无锡市,2020-2021,0.9982314022686493,1.0046439042996274,0.9936171393629781
无锡市,2021-2022,1.3114771704192083,1.0983582883917562,1.1940340272203036
无锡市,2022-2023,0.9544771683377598,0.990696235772912,0.9634407943350111
昆明市,2013-2014,1.185226416332083,1.2320011828736743,0.9620335051688116
昆明市,2014-2015,0.9759438845824053,0.9761164791116342,0.9998231824450029
昆明市,2015-2016,1.0700869762046468,2.0533376177272213,0.5211451672468235
昆明市,2016-2017,1.1611223460629847,0.6524502274842163,1.7796335983208371
昆明市,2017-2018,0.8891633367734028,0.9440563131666052,0.9418541292212989
昆明市,2018-2019,1.1869580335140615,1.1815961246004514,1.0045378524878146
昆明市,2019-2020,1.0402861759343487,0.9216385969059293,1.1287354711778956
昆明市,2020-2021,1.8193973697963421,2.47333898507561,0.7356037246712962
昆明市,2021-2022,1.2630448676405779,1.000005761861525,1.2630375901928823
昆明市,2022-2023,0.3772599839767835,0.3802825813213429,0.9920517070909296
杭州市,2013-2014,0.9894407903858484,1.0,0.9894407903858484
杭州市,2014-2015,0.683523307056654,0.3817342225034349,1.790573825354376
杭州市,2015-2016,2.2534602622884994,1.7388757410657367,1.2959294382400088
杭州市,2016-2017,0.43000764351163034,0.4855256047636417,0.8856538960925902
杭州市,2017-2018,1.3694706065927942,1.721411731601848,0.7955508734208768
杭州市,2018-2019,1.222948901755701,1.802492468631322,0.6784765667755144
杭州市,2019-2020,0.705274568964683,0.37998978253365245,1.8560356130160496
杭州市,2020-2021,1.1525294574213685,1.1735881447196106,0.9820561519873964
杭州市,2021-2022,1.4785584902091078,1.1992444725547455,1.232908321903157
杭州市,2022-2023,0.926259243785416,0.9830515747254677,0.9422285336800241
柳州市,2014-2015,0.8986507079762227,0.7449581219334543,1.2063103703653524
柳州市,2015-2016,0.9304489951665491,2.0090013563819347,0.4631400532462656
柳州市,2016-2017,0.8982034170015265,0.6611498372146449,1.3585474372731656
柳州市,2017-2018,0.9563229802539844,1.0521907111695703,0.9088874954911706
柳州市,2018-2019,0.8938808071023936,0.6233282397950494,1.434045098608563
柳州市,2019-2020,0.9759958124754884,1.1954730912233524,0.8164096872115554
柳州市,2020-2021,0.9517225510190213,0.9273117165144851,1.0263243028959992
柳州市,2021-2022,23215102.772600964,24235617.110470213,0.957891959869742
柳州市,2022-2023,1.0642419548337487,0.8760212562767679,1.214858597560691
桂林市,2013-2014,0.9033158569871531,0.9423223151883842,0.9586060336548083
桂林市,2014-2015,0.8272151571888894,0.6714705631674381,1.2319455275697837
桂林市,2015-2016,0.9389263859681208,1.6793252579728748,0.5591093098316793
桂林市,2016-2017,0.8822526907004629,0.6713071199358945,1.314231094085092
桂林市,2017-2018,1.3747512010367062,-9672729.587971097,-1.4212649992266218e-07
桂林市,2018-2019,11657978.454679318,-1.4377999779664878,-8108206.032363037
桂林市,2019-2020,1.8762886094021487,2.477242596335167,0.7574101188869957
桂林市,2020-2021,0.5667556096261085,1.0000232489871028,0.5667424334385829
桂林市,2021-2022,1.4684124596176051,0.9999854904723436,1.468433765897943
桂林市,2022-2023,0.857192208426936,0.5560666284216574,1.5415278756432391
梧州市,2013-2014,0.7812220767756427,0.4366484352316694,1.7891328898525776
梧州市,2014-2015,0.7639037484547424,1.2061663703414387,0.6333319907091245
梧州市,2015-2016,0.9118407241532451,2.102221896982659,0.4337509401181767
梧州市,2016-2017,0.9718950428974794,0.5917260849189364,1.6424745632611824
梧州市,2017-2018,0.9424163787306072,1.0858940119331153,0.8678714205753025
梧州市,2018-2019,0.8812304456915739,0.6539040313369172,1.3476449195302929
梧州市,2019-2020,4528690.93197469,4608288.6805233015,0.9827272651374843
梧州市,2020-2021,1.2997770118373624,1.5172924341052882,0.856642386544167
梧州市,2021-2022,0.9962588655819452,0.9179189750909904,1.0853451041070257
梧州市,2022-2023,0.9963654578590041,0.982273865549308,1.014345889475351
武汉市,2013-2014,0.9334942820685261,0.9244200922090308,1.0098160889577934
武汉市,2014-2015,0.924595787691869,1.1173906691502096,0.8274597356312599
武汉市,2015-2016,0.9595200142914244,0.7343908625956703,1.3065522232943443
武汉市,2016-2017,0.9754608894881848,0.9284852960779418,1.0505937935782879
武汉市,2017-2018,1.0555401867261733,1.2015330384255856,0.8784945173952834
武汉市,2018-2019,0.9799444993629596,0.8868135235400633,1.1050175412877417
武汉市,2019-2020,1.6316667647183996,3.7378204182310184,0.43652893455234837
武汉市,2020-2021,0.6303613295449241,0.311748272002088,2.022020284175632
武汉市,2021-2022,1.114255766238423,1.0716476715783811,1.0397594244732378
武汉市,2022-2023,1.560429263794647,1.4385914386065835,1.084692444232864
汕头市,2013-2014,1.944597016177139,2.9922835264656906,0.649870575090183
汕头市,2014-2015,1.408527890011353,1.4071657495009662,1.000968002888693
汕头市,2015-2016,0.44343751058499065,0.37516525812373963,1.1819791438116931
汕头市,2016-2017,0.8915865294793018,0.7808668942116231,1.141790663797398
汕头市,2017-2018,1.647795499449994,1.9828389436310263,0.8310284124400481
汕头市,2018-2019,1.5019587565100125,1.1319392425222987,1.3268899072384839
汕头市,2019-2020,0.817830308601503,0.8993412936028016,0.9093659041555159
汕头市,2020-2021,1.002032747160965,1.0321873382127897,0.9707857382710808
汕头市,2021-2022,1.0816211577885375,1.0570006465618969,1.0232928062122986
汕头市,2022-2023,1.302707437383626,2.820733689969951,0.46183283520022894
江门市,2013-2014,0.8065742795531832,0.9094793801734523,0.8868527392004825
江门市,2014-2015,1.9132293173485653,-863.9718250997247,-0.0022144579970854133
江门市,2015-2016,1.263333427045993,0.7945628404014203,1.5899729546976367
江门市,2016-2017,0.37199949796555626,-0.001620137649514598,-229.60981005349103
江门市,2017-2018,0.9249768265580055,1.835725932734854,0.5038752299914292
江门市,2018-2019,1.1303358297195065,-324.6942454654116,-0.0034812314831736578
江门市,2019-2020,0.6274839508470037,-0.0011184607028389983,-561.0245842828951
江门市,2020-2021,1.5588478772950067,-947.0059099730234,-0.001646080410775274
江门市,2021-2022,1.6091717029529224,0.7150467845315007,2.2504425413328066
江门市,2022-2023,972071.9088384009,-3269.395313817447,-297.32467797030625
池州市,2014-2015,0.9697823042795897,0.8133478504814375,1.1923340102338198
池州市,2015-2016,0.9677711888203224,1.2925739186947904,0.7487163208410967
池州市,2016-2017,1.068965843293336,1.0272284879828073,1.0406310336977602
池州市,2019-2020,3.316776031347251,3.493711680067859,0.9493559672568139
池州市,2020-2021,1.056589997962017,1.2360885488695301,0.8547850386028782
池州市,2021-2022,1.1243832794905972,1.0295720208973744,1.0920880294615867
池州市,2022-2023,0.88517757521763,0.8774403690387889,1.0088179282055565
沈阳市,2013-2014,0.9719291081739421,2.1482098091796327,0.452436770384689
沈阳市,2014-2015,0.9407243280263272,1.137129024811433,0.8272802008394122
沈阳市,2015-2016,1.036945175592622,1.5799230136014901,0.6563263948088641
沈阳市,2016-2017,1.078556884084486,0.8579777179986989,1.2570919517587302
沈阳市,2017-2018,0.8845597558704745,1.190937149889296,0.7427426006088559
沈阳市,2018-2019,23650846.8764308,16593939.70459826,1.425270146659448
沈阳市,2019-2020,2.8387243235716433,3.0560319677062666,0.9288922215372879
沈阳市,2020-2021,1.331713642173207,3.069142878162464,0.4339040882223513
沈阳市,2021-2022,0.8955027905648553,0.36093251834233847,2.481080936341363
沈阳市,2022-2023,1.2540836245636682,1.2758753141602535,0.9829202043846048
沧州市,2013-2014,5308606.256782698,5771254.723841562,0.9198357221788146
沧州市,2014-2015,0.9962062375442855,1.044173945255027,0.954061573812756
沧州市,2015-2016,1.0971318823290712,1.4986637178144007,0.7320734260045278
沧州市,2016-2017,0.888322735873971,0.6837830372859052,1.2991295300332864
沧州市,2017-2018,1.0083784947202747,1.0011501983035178,1.0072199919942137
沧州市,2018-2019,0.9561918775281518,0.8038280824574356,1.1895477383732536
沧州市,2019-2020,1.0079789918601567,1.4788446334703333,0.6815989787208282
沧州市,2020-2021,1.0268579392297117,1.0182832830112751,1.0084206982099122
沧州市,2021-2022,0.9928025457574701,0.9370338317325168,1.0595162225059052
沧州市,2022-2023,1.797499984615601,1.864903810484244,0.9638566742747227
泰州市,2013-2014,1.05968637085726,0.9999647462951381,1.059723730044874
泰州市,2014-2015,0.6432960497724147,1.0000352546459228,0.6432733713974745
泰州市,2015-2016,1.0167858208412484,0.49559071580051206,2.0516643843879647
泰州市,2016-2017,0.923431394719704,0.7227696031021936,1.277628985441905
泰州市,2017-2018,1.10813690342689,1.1627853458829742,0.9530021231781294
泰州市,2018-2019,1.0295073818224743,0.8299086018566734,1.2405069419924772
泰州市,2019-2020,0.8841478803481561,0.9504217584190731,0.9302689806037725
泰州市,2020-2021,1.0035090866105498,1.0611457405046025,0.9456845071378744
泰州市,2021-2022,1.0602755706257538,1.0303221135328011,1.0290719345916466
泰州市,2022-2023,1.0242591424085208,1.0688071521797207,0.9583198805506223
济南市,2013-2014,0.9906434642921352,0.6342159482037232,1.561997088054809
济南市,2014-2015,0.8069777787913416,0.7620374835570495,1.0589738644148043
济南市,2015-2016,0.8958299421819219,0.6775874883508223,1.3220874906682223
济南市,2016-2017,0.9332571771671742,0.8153000605735677,1.1446793914262965
济南市,2017-2018,1.009030482712314,1.1800692915755029,0.8550603679934454
济南市,2018-2019,1.08742171921026,0.960274981056518,1.1324065925510753
济南市,2019-2020,1.1392456404105753,1.2507175469668317,0.9108736366363519
济南市,2020-2021,0.941548743844652,0.9765200748656842,0.964187801233024
济南市,2021-2022,0.984407308747325,0.9330023108762753,1.0550963242768072
济南市,2022-2023,1.3245164028570797,1.2280866703664353,1.0785202989475262
海口市,2013-2014,0.9287994795332399,0.9783349599475416,0.9493675658723698
海口市,2014-2015,0.9089080441591556,0.9897798888468367,0.9182931017300195
海口市,2015-2016,0.79071739332526,1.2872186980198659,0.6142836446841737
海口市,2016-2017,0.9791383341179798,0.4037019262722955,2.425399212629851
海口市,2017-2018,0.9379006112371147,1.0068566214688068,0.9315135752585121
海口市,2018-2019,0.9872240918249214,1.0796965723402339,0.9143532702758526
海口市,2019-2020,0.9998783637966774,0.8705767019767716,1.1485241467251621
海口市,2020-2021,1.2781765672824876,1.8384578129776992,0.6952438931477358
海口市,2021-2022,1.2699309339226272,0.9171844630002712,1.384597085049239
海口市,2022-2023,1.2024641844363764,1.1312893674468572,1.0629147758633581
淄博市,2013-2014,0.9246040364920075,0.6981792114805455,1.3243076008111296
淄博市,2014-2015,1.0165667910010194,1.114025160833515,0.9125169042325965
淄博市,2015-2016,0.9769475922415233,0.8929362790725084,1.0940843318139983
淄博市,2016-2017,1.1511221524315352,1.0614330549521462,1.0844981198399106
淄博市,2017-2018,1.0104815067894126,1.051203406602828,0.9612616363706277
淄博市,2018-2019,0.9421644113920552,0.7570863961269412,1.244460891401464
淄博市,2019-2020,0.80592614750865,0.8761531309469033,0.9198462221297373
淄博市,2020-2021,1.0062520011060998,1.0888994616644105,0.9241000078813686
淄博市,2021-2022,1.0661898989497411,0.958035441501764,1.1128919168986484
淄博市,2022-2023,1.0807837396224131,1.0432529490071536,1.0359747754856357
淮安市,2013-2014,2.581669699882911,3.350841551511187,0.7704541262831752
淮安市,2014-2015,1.128231758872027,2.068385882441578,0.5454648324809837
淮安市,2015-2016,1.014831781303701,0.74197790024753,1.367738555238835
淮安市,2016-2017,0.8972155984110515,0.5157193729579678,1.7397360763567369
淮安市,2017-2018,0.8588868900305642,1.095127989179378,0.7842799184359827
淮安市,2018-2019,0.9484205877199934,0.8050747895644619,1.1780527722562029
淮安市,2019-2020,1.171834950835923,1.3344706490656446,0.8781271822324499
淮安市,2020-2021,1.348086164655233,2.2211885488413126,0.6069210852714259
淮安市,2021-2022,0.9371322508966251,1.0000000599605567,0.937132194705657
淮安市,2022-2023,1.0827263288437428,1.0000000000384934,1.082726328802065
深圳市,2013-2014,2.118391004346107,3.1804136921768835,0.6660740423665267
深圳市,2014-2015,0.7240077050957401,1.0000000000865927,0.7240077050330462
深圳市,2015-2016,2.191811982794622,0.9999999999913933,2.191811982813486
深圳市,2016-2017,0.44460483620600977,1.0000000000093252,0.44460483620186375
深圳市,2017-2018,1.274998437136205,0.9999999999994831,1.2749984371368641
深圳市,2018-2019,0.5857969995018051,0.36304981593859187,1.6135444057101238
深圳市,2019-2020,1.07972891978452,1.1968645702324554,0.9021312407759005
深圳市,2020-2021,1.404303415035793,2.301382296655842,0.6101999728929861
深圳市,2021-2022,1.9860644443420468,0.9999854904718259,1.9860932616181826
深圳市,2022-2023,0.9999999999999999,1.000014509524087,0.999985490686436
温州市,2013-2014,1.1940950198899971,1.000000000614012,1.1940950191568085
温州市,2014-2015,1.0102253343554706,0.9999999999973866,1.0102253343581107
温州市,2015-2016,1.8129165857167153,0.9999999999986593,1.8129165857191458
温州市,2016-2017,0.6016438333061237,1.0000000000050522,0.6016438333030841
温州市,2017-2018,1.0461564987379028,1.0000000000097637,1.0461564987276883
温州市,2018-2019,1.5887803985282185,0.9999999999949595,1.5887803985362268
温州市,2019-2020,0.7025749497284539,0.9999999999916762,0.702574949734302
温州市,2020-2021,0.8319543942848203,0.9999998300085043,0.8319545357100162
温州市,2021-2022,1.0304873571642685,1.0000001556088596,1.030487196811331
温州市,2022-2023,1.660218126188019,0.9999811258089397,1.6602494620535735
湖州市,2014-2015,0.9998873306829696,1.0000000032485532,0.9998873274347825
湖州市,2015-2016,1.0998359312354982,0.9999999999892798,1.0998359312472887
湖州市,2016-2017,0.9790538355282195,0.9999999993793729,0.9790538361358468
湖州市,2017-2018,0.8425114107106509,1.000000000643166,0.8425114101687763
湖州市,2018-2019,1.1119433892901804,0.503894152819062,2.206700322020717
湖州市,2019-2020,0.8068051893161926,0.927305804802798,0.8700529912974811
湖州市,2020-2021,1.2371773460608095,2.140074533015615,0.5781001208016256
湖州市,2021-2022,0.8531315325109302,1.0000195902894868,0.8531148197446459
湖州市,2022-2023,1.1475181970084962,0.5368721539657342,2.137414258743128
滁州市,2013-2014,0.9019844190514695,1.2364417368724467,0.7295001391113018
滁州市,2014-2015,0.9374414515402533,0.7848067392182551,1.1944870051371341
滁州市,2015-2016,3554531.2950114515,4653811.485914582,0.7637892737532971
滁州市,2016-2017,0.9518076696384986,0.8924032420955837,1.066566799335487
滁州市,2017-2018,0.9174365197069229,0.9750386417529339,0.9409232418292127
滁州市,2018-2019,0.7658270683282566,0.6563949273316245,1.1667169206220034
滁州市,2019-2020,1.208264883729593,1.5842932292175798,0.7626523054234775
滁州市,2020-2021,0.9925553672104244,0.961526409116472,1.0322705209131637
滁州市,2021-2022,0.9770208464363167,0.9263732769206707,1.0546729604334033
滁州市,2022-2023,0.9971893710095148,0.8872793948586505,1.123873017662462
潍坊市,2013-2014,0.6663869343998517,1.2248803624035602,0.5440424672106041
潍坊市,2014-2015,8830111.359697547,-13675.48244752139,-645.6892028184321
潍坊市,2015-2016,1.2219892118866258,2.077662393894513,0.5881558117803948
潍坊市,2016-2017,0.9755248028412812,0.633886899188129,1.538957192664363
潍坊市,2017-2018,0.8451538859122749,1.0117386180469607,0.8353480541681234
潍坊市,2018-2019,0.957323574408277,0.6226847972767046,1.537412794715892
潍坊市,2019-2020,0.8406280012041695,0.859923329029844,0.9775615718584547
潍坊市,2020-2021,1.1616204576184876,2.2750848698880857,0.5105833514138878
潍坊市,2021-2022,1.0392367050320999,0.8312445473735407,1.2502177708301918
潍坊市,2022-2023,1.569416764270202,1.0103735213901806,1.5533035368057049
烟台市,2013-2014,0.9759237258386341,1.0167633733095875,0.9598336756191173
烟台市,2014-2015,0.5532333210447348,0.11192938360420182,4.9426996131868846
烟台市,2015-2016,30225800.93155729,250953534.43470174,0.12044381442821266
烟台市,2016-2017,0.8817600649058802,0.5938753354084864,1.484756164017786
烟台市,2017-2018,1.2803334001865545,2.5220332249729216,0.5076592122216396
烟台市,2018-2019,1.2154034031339431,0.9999808423254405,1.2154266878828806
烟台市,2019-2020,0.6139533722763486,0.3769944383722885,1.628547558757509
烟台市,2020-2021,1.134184669728811,1.4251343992340955,0.795844006248359
烟台市,2021-2022,1.1229027626738475,0.8479183747791516,1.3243052587064388
烟台市,2022-2023,1.0346484903361495,1.0807989975815768,0.9572996391107922
玉林市,2015-2016,0.830134441205299,0.3655101505248159,2.2711665873392426
玉林市,2016-2017,0.8520009399782676,4.5288694181456846,0.18812662969803925
玉林市,2017-2018,1.1317139542627894,1.299299884719977,0.8710182826705126
玉林市,2018-2019,2991759.540527263,2394740.4665403985,1.2493042909361105
玉林市,2019-2020,2.767405901915949,3.7573893579065523,0.7365235907991773
玉林市,2020-2021,0.8843623154705932,0.9094172842221501,0.9724494253779363
玉林市,2021-2022,1.0624311272563736,1.688943901184504,0.6290505720830992
玉林市,2022-2023,2.3188608553411276,0.9999811601101364,2.3189045432473265
珠海市,2013-2014,0.31327257865023955,0.5797311041665609,0.5403756610586036
珠海市,2014-2015,0.9453204552492884,1.724938157247183,0.5480315055224466
珠海市,2015-2016,0.8378963805937547,0.2787360769337164,3.0060564452624012
珠海市,2016-2017,1.32919200443522,1.1832766394989185,1.1233146671416518
珠海市,2017-2018,1.0165330219111846,1.3664849282034903,0.7439035740025428
珠海市,2018-2019,0.849782355369292,0.6697481853888935,1.268808746194453
珠海市,2019-2020,1.2286000417588778,1.328194128141289,0.9250154143342089
珠海市,2020-2021,1.1325543142864376,2.494264930483044,0.4540633596877397
珠海市,2021-2022,0.8874858581096154,0.3879137925495654,2.2878430083050416
珠海市,2022-2023,1.1651724763254954,1.1797766153790292,0.987621267566113
盐城市,2013-2014,1.0364788534596305,1.000000000045218,1.036478853412763
盐城市,2014-2015,0.8324890760009163,0.9999999946217373,0.8324890804782612
盐城市,2015-2016,1.0258634306725605,0.7515071714835067,1.3650747053384242
盐城市,2016-2017,2.332097058252177,1.330623684665363,1.7526345616181283
盐城市,2017-2018,0.4209578850733139,1.0000267645108822,0.4209466186429584
盐城市,2018-2019,1.0844721956722747,0.7082559922098594,1.5311867567665292
盐城市,2019-2020,0.944449701930273,1.4119188697791214,0.6689121607093624
盐城市,2020-2021,0.8737044757607542,0.7404843830640897,1.179909388696904
盐城市,2021-2022,1.020060961508571,0.8440438750302469,1.2085402094435154
盐城市,2022-2023,1.0507808336144884,1.1314708133959466,0.9286857612002568
石家庄市,2013-2014,1.055776479093122,1.1042098530053224,0.9561375278617741
石家庄市,2014-2015,1.2563255268979778,1.2397842999506574,1.0133420200174972
石家庄市,2015-2016,1.178892050587119,1.7830607971345969,0.6611620043924552
石家庄市,2016-2017,1.0091760729561778,0.7277315650250952,1.386742202011503
石家庄市,2017-2018,0.8659870605478842,0.8764813243994506,0.9880268254902558
石家庄市,2018-2019,0.9850312987711444,0.8645672939784943,1.1393344458339487
石家庄市,2019-2020,1.076983020537044,1.1666988610389997,0.9231028301321393
石家庄市,2020-2021,1.3707009938192452,3.094075816925761,0.4430082114733563
石家庄市,2021-2022,0.8755979712175597,0.6188213997908485,1.4149445567226626
石家庄市,2022-2023,1.0633228801277284,0.6256589104573201,1.699524872666644
福州市,2013-2014,0.8946904733193515,0.7170076404103929,1.2478116311386285
福州市,2014-2015,1.2750257678224255,1.928709933790903,0.6610769952930904
福州市,2015-2016,0.7942748908265688,0.8235007886074225,0.9645101763287003
福州市,2016-2017,1.2714264284355605,0.7997862492426343,1.589707787098804
福州市,2017-2018,0.9029677692868616,1.091975723741647,0.8269119447022586
福州市,2018-2019,0.9810398616496424,0.7752619497656256,1.2654301709844356
福州市,2019-2020,0.9935572846878066,1.175967075506262,0.8448852909083984
福州市,2020-2021,1.0677491474714993,1.0959332513635411,0.9742830105237015
福州市,2021-2022,2.980580430791897,2.4534867924802413,1.2148345122244633
福州市,2022-2023,0.5185759416078843,0.530148300902267,0.978171467729525
秦皇岛市,2013-2014,0.9086869920124363,1.0574972986620297,0.8592806744396684
秦皇岛市,2014-2015,1.0084852316576822,1.613934050494442,0.6248614875860166
秦皇岛市,2015-2016,0.9737836527570608,0.5564276235612924,1.7500634611282833
秦皇岛市,2016-2017,0.8259497008517539,0.6459386148649805,1.2786814131314952
秦皇岛市,2017-2018,1.0086676970757544,0.9460358078401588,1.0662045651089962
秦皇岛市,2018-2019,1.0251444993367447,0.9088160380020239,1.128000009320326
秦皇岛市,2019-2020,1.0926434988039282,1.4156035221968462,0.7718570077505014
秦皇岛市,2020-2021,1.0837679205130926,1.3777842429714782,0.7866020576456308
秦皇岛市,2021-2022,0.9906393176469942,0.8063221298277639,1.2285900150831799
秦皇岛市,2022-2023,0.9466438061554316,0.8423242991188837,1.1238472013043808
绍兴市,2013-2014,0.9841177442286825,1.2607997784884142,0.7805503784340376
绍兴市,2014-2015,0.9447419532017186,1.076184879322249,0.8778621325702797
绍兴市,2015-2016,0.92522137402689,0.6630498713981774,1.3954023881731097
绍兴市,2016-2017,0.9053762429101542,0.6937665390021962,1.3050157250482328
绍兴市,2017-2018,0.9849591009072213,1.0194176767558298,0.9661977846428279
绍兴市,2018-2019,1.8945080462802288,2.4641794769796515,0.7688190182487561
绍兴市,2019-2020,0.7155046801373751,0.5518019719562515,1.2966693062019403
绍兴市,2020-2021,0.8987275422494594,1.030064680375431,0.8724962222002383
绍兴市,2021-2022,1.364616133403127,1.3252210857534041,1.0297271512453534
绍兴市,2022-2023,0.6875631100871834,0.520019739496923,1.3221865592108966
绵阳市,2016-2017,8631023.834168242,7215789.716816189,1.1961301774154935
绵阳市,2017-2018,1.2374951248238029,1.5788214103958054,0.7838094395448861
绵阳市,2018-2019,1.105036579011835,0.8550327919943195,1.292390875950377
绵阳市,2019-2020,2.503072182436838,2.5030047352380733,1.0000269464926754
绵阳市,2020-2021,0.37681945079532553,0.4841712897992444,0.7782771484686112
绵阳市,2021-2022,1.2031582386079642,2.065440408168544,0.5825189794145753
绵阳市,2022-2023,1.0397939481708556,1.0000000000752884,1.039793948092571
肇庆市,2013-2014,0.8090490191276246,0.842598502038714,0.9601833105210672
肇庆市,2014-2015,0.7628387827642829,0.645630810606709,1.1815402397655586
肇庆市,2015-2016,0.9271056655531196,1.8181932847571114,0.5099049002796034
肇庆市,2016-2017,0.8313395415839897,0.7097689531821535,1.1712819190763288
肇庆市,2017-2018,1.0369347632734118,1.2463724341732016,0.8319622087608803
肇庆市,2018-2019,0.9503753666363007,0.6314471254776506,1.5050751334363914
肇庆市,2019-2020,11056784.966703618,9843469.091986068,1.1232610031462744
肇庆市,2020-2021,0.9470449420537839,1.0902844173476816,0.8686219182675707
肇庆市,2021-2022,1.7636715241564336,2.2829115590689057,0.7725535915529526
肇庆市,2022-2023,0.6358061551915661,0.4066117071104766,1.563669082992776
舟山市,2013-2014,1.0995548393182912,1.0824545776298573,1.015797671368231
舟山市,2014-2015,0.8816740424489605,0.5058386635966386,1.7429945670424616
舟山市,2015-2016,1.2334839794999028,1.5412638111502535,0.8003068459638634
舟山市,2016-2017,0.8121952126461184,0.711775455049008,1.1410834791854352
舟山市,2017-2018,0.9655133283592047,0.9255494235892308,1.043178574532515
舟山市,2018-2019,1.0007429512846782,0.7888527106533663,1.268605580952893
舟山市,2019-2020,1.0137448936297397,1.2256661999183633,0.8270970462408617
舟山市,2020-2021,0.9629526477414874,1.2663512022427792,0.7604151565821899
舟山市,2021-2022,0.9721519650246608,0.7547798155109305,1.2879941209961812
舟山市,2022-2023,1.0207146666781943,1.0097364966784437,1.0108723117722926
芜湖市,2013-2014,0.9536622024964497,0.9830074616444265,0.9701474706012032
芜湖市,2014-2015,1.1889747520691347,1.7006486357892923,0.6991301595448708
芜湖市,2015-2016,1.206312483877937,0.9130235222691788,1.3212282646123223
芜湖市,2016-2017,1.0522336358990243,0.9429438435936102,1.1159027582055203
芜湖市,2017-2018,1.072923644983536,1.350988218427961,0.7941769072064989
芜湖市,2018-2019,1.1270839677792712,0.8951040596996391,1.259165295437801
芜湖市,2019-2020,0.9326384796106926,1.075039977056156,0.8675384167243625
芜湖市,2020-2021,1.0522016826017915,1.3571278677632983,0.7753150661742286
芜湖市,2021-2022,1.069838136162369,0.8270062430636025,1.2936276420347301
芜湖市,2022-2023,0.8786910431980033,0.8798905907103608,0.9986367083305334
苏州市,2013-2014,1.1076795839255311,0.9933440146913404,1.1151016843542547
苏州市,2014-2015,0.9839010464591473,2.4916417212989983,0.39488062751903114
苏州市,2015-2016,0.8279839314612694,0.2781079768434873,2.977203102402343
苏州市,2016-2017,1.2119928014477532,1.2000646842979565,1.0099395618468472
苏州市,2017-2018,0.8816110224001902,0.9670078744962415,0.9116896001074051
苏州市,2018-2019,1.1263553257158923,1.0871729800021812,1.036040580877601
苏州市,2019-2020,0.9285599382430548,0.912896263507724,1.0171582197906524
苏州市,2020-2021,1.9215995116300033,2.9208725715566617,0.6578854313407785
苏州市,2021-2022,0.5765428725393683,0.3948673884590909,1.4600923990943844
苏州市,2022-2023,1.2805323759259917,1.4321064995763375,0.8941600197365306
荆州市,2013-2014,1.302770201919394,1.294576095582463,1.0063295671570733
荆州市,2014-2015,0.7484307050018472,1.0000000000209537,0.7484307049861648
荆州市,2015-2016,2.4535733300307947,0.9999999999785277,2.4535733300834783
荆州市,2016-2017,1.0,1.0000000000027807,0.9999999999972193
荆州市,2017-2018,0.5025777592833413,1.0000000000182414,0.5025777592741735
荆州市,2018-2019,0.9521674803468161,0.4785381987204858,1.989741849015855
荆州市,2019-2020,1.4772531051198787,2.0896487557504826,0.7069384752124688
荆州市,2020-2021,0.6904216039436961,1.0000232489848082,0.6904055527154895
荆州市,2021-2022,0.821745315934816,0.5701225165531367,1.441348643626545
荆州市,2022-2023,1.024851256428208,1.0097949280022909,1.0149102832747472
蚌埠市,2013-2014,0.9316105699463954,5.069307998325708,0.18377470263280274
蚌埠市,2014-2015,1.344575781473188,-601.2203813241705,-0.0022364108457397914
蚌埠市,2015-2016,0.6216061814450542,-0.0016124658295470788,-385.5003746774935
蚌埠市,2016-2017,3619884.4720091354,3004304.7865988226,1.2048992126751599
蚌埠市,2017-2018,2.6662224437454203,3.0991265920367193,0.8603141448291732
蚌埠市,2018-2019,1.1610296312154316,0.9988502418974576,1.1623660710237114
蚌埠市,2019-2020,0.8312160398503488,1.039334170168783,0.7997582141606709
蚌埠市,2020-2021,0.9973788461064493,1.0382852525877646,0.9606019575262555
蚌埠市,2021-2022,1.2352807902861298,1.2374131303715217,0.9982767759343626
蚌埠市,2022-2023,1.0371252985241997,0.8540426422575654,1.2143717973878634
衡水市,2013-2014,3292586.3885987783,31942708.565385595,0.10307787086555201
衡水市,2014-2015,2.1480479401663004,2.159286407504323,0.9947952863969483
衡水市,2015-2016,0.5856256555162881,0.7473713786419811,0.7835805226852616
衡水市,2016-2017,0.15603596822254936,0.11750722612151471,1.327884023585
衡水市,2017-2018,1.8474526375317475e-06,2.146775349006341e-06,0.8605710133511928
衡水市,2018-2019,5653413.058201308,4875662.983025975,1.159516783231937
衡水市,2019-2020,1.0159974169650177,1.0629196053279195,0.9558553740774911
衡水市,2020-2021,1.0717587902611896,1.0914890787957634,0.9819235126417003
衡水市,2021-2022,1.085420541974088,1.243436327998716,0.872920082462967
衡水市,2022-2023,1.0046586321645383,0.9682558859772498,1.0375962043861449
衡阳市,2013-2014,0.9742451333166585,1.0286582553895587,0.9471028188537761
衡阳市,2014-2015,0.9057715514902046,0.7754523285428132,1.1680557503673759
衡阳市,2015-2016,0.964446546431193,1.0839351855263593,0.8897640369178139
衡阳市,2016-2017,12214213.86611714,14047983.843110953,0.8694638321432095
衡阳市,2017-2018,0.8533070669347707,0.8749629550452114,0.9752493657182072
衡阳市,2018-2019,1.1014960421485092,0.919858049079391,1.1974630686233647
衡阳市,2019-2020,0.9688322599409415,1.0909316927167185,0.8880778387950982
衡阳市,2020-2021,1.2559639885174014,1.8472746316632203,0.6799010645139301
衡阳市,2021-2022,0.8874973563641366,0.6004393551357466,1.478079923930856
衡阳市,2022-2023,1.0769812664982277,1.0296685719070167,1.0459494403170766
西宁市,2013-2014,0.967295089783942,1.1718431109470875,0.8254476053557809
西宁市,2014-2015,0.9958315616993573,0.8810285844445103,1.1303056214994778
西宁市,2015-2016,0.982196243454753,1.1304733607204442,0.8688362570780128
西宁市,2016-2017,1.1513595645870607,1.2403870734348477,0.9282260265730968
西宁市,2017-2018,0.6217674807795187,0.8880643532763939,0.7001378655562418
西宁市,2018-2019,0.9507870154978199,0.5339032253358114,1.7808227603416318
西宁市,2019-2020,0.923914905602037,1.528177002904287,0.6045863167984762
西宁市,2020-2021,0.9685609022938827,1.0259029299300397,0.9441057960132082
西宁市,2021-2022,1.0046067554743097,1.147181702107673,0.8757172064622233
西宁市,2022-2023,37102024.27339411,38656779.61366162,0.9597805260602194
西安市,2013-2014,0.8288779814855745,1.0499541295964736,0.7894420890597718
西安市,2014-2015,0.933545017648017,0.7914444897866043,1.1795457921499042
西安市,2015-2016,0.9732430592285636,1.4156621098328925,0.6874825938114901
西安市,2016-2017,1.6356604451257497,1.6198006532338713,1.0097911998369768
西安市,2017-2018,0.46899744921771236,0.5522797816453086,0.8492026411332894
西安市,2018-2019,16149841.485923134,11526948.107103473,1.4010509404454425
西安市,2019-2020,6.434062686463588,6.867327054422801,0.9369093150034008
西安市,2020-2021,1.1133474831195187,1.1780193608845737,0.9451011758274559
西安市,2021-2022,0.9877936139800799,0.9697625334724275,1.0185932946317162
西安市,2022-2023,3.0050384340533065,2.5116958725148995,1.1964181121357003
许昌市,2013-2014,0.9843546423818031,-132.96903861505714,-0.007402886060051101
许昌市,2014-2015,4875980.582340441,12213828.256113153,0.3992180404125103
许昌市,2015-2016,1.3372502877348622,1.440543419049904,0.9282957181650465
许昌市,2016-2017,0.8069650954759439,0.70291718494201,1.1480230000956908
许昌市,2017-2018,0.6755641096117482,0.7852020875768045,0.8603697319458131
许昌市,2018-2019,1.2591107169795153,1.1363024702113482,1.108077074535731
许昌市,2019-2020,1.35851673177754,1.9708340664697854,0.6893105588594549
许昌市,2020-2021,1.0444998488128046,1.3769305387469628,0.7585711983433256
许昌市,2021-2022,1.5964298744605925,1.300834108930091,1.2272355587090369
许昌市,2022-2023,1.0447416490836308,0.9999956183636565,1.0447462267816678
贵阳市,2013-2014,0.8672372128884712,1.283547044007065,0.6756567411670948
贵阳市,2014-2015,1.037697335023226,0.9060333654407399,1.145319118042014
贵阳市,2015-2016,0.9076950373989705,1.4338713144210762,0.6330380057609641
贵阳市,2016-2017,2.6537574022731008,-1992.052651017474,-0.0013321723203037078
贵阳市,2017-2018,5739471.7899455875,-8516.477954966484,-673.9255147837902
贵阳市,2018-2019,1.6981142181649924,1.9654060480430025,0.8640017261857119
贵阳市,2019-2020,1.051358970253448,1.3344537209261285,0.7878571986174171
贵阳市,2020-2021,0.9096205465049234,0.516988478466664,1.7594599964834166
贵阳市,2021-2022,1.5500671954695675,1.1798768916864069,1.3137533300224609
贵阳市,2022-2023,1.5540095427363205,1.999809125380279,0.777078933691141
赣州市,2013-2014,1.1509832126004127,1.8457634422996647,0.6235811080787174
赣州市,2014-2015,0.8405229871958688,0.7489833915811481,1.122218458571525
赣州市,2015-2016,0.6987502483238509,0.7609314433563493,0.9182827893690042
赣州市,2016-2017,0.7360198532404094,0.5712882383066388,1.2883511402616188
赣州市,2017-2018,10839869.1119471,18557705.463659633,0.5841168852029752
赣州市,2018-2019,1.161635300646609,1.0384683889529747,1.1186043918176614
赣州市,2019-2020,0.9996211591081818,1.0403305245551262,0.9608688157406966
赣州市,2020-2021,1.0341162620320206,1.0376960416782344,0.9965502618277079
赣州市,2021-2022,1.0110042151921728,1.0037604629429715,1.0072166144380332
赣州市,2022-2023,1.1842702876318565,1.1605404000303887,1.02044727404651
连云港市,2013-2014,1.0157289783393402,1.0571148507235948,0.9608501646193637
连云港市,2014-2015,1.1622008500688408,2.539940289377709,0.4575701464043403
连云港市,2015-2016,0.8246204790593028,0.34276526834041376,2.405787736464418
连云港市,2016-2017,1.6274434441287204,1.5883944233988476,1.0245839573311493
连云港市,2017-2018,0.5436454669642213,0.6105721241707102,0.8903869754987753
连云港市,2018-2019,1.3208974135842473,1.117636112879963,1.1818671554738094
连云港市,2019-2020,0.8635431437249356,0.9642935184059365,0.8955189755422702
连云港市,2020-2021,1.215450490446645,1.4943892313115477,0.8133426452624444
连云港市,2021-2022,1.051312512648019,0.8322428355130194,1.2632280721286817
连云港市,2022-2023,1.5847855840221923,1.460562962256113,1.0850511925717974
遵义市,2013-2014,0.3706458295311163,-0.0010895208112642928,-340.19160138943516
遵义市,2014-2015,5097427.946704392,5054107.230836642,1.0085713883558776
遵义市,2015-2016,1.0988248341535456,1.4610718807856224,0.7520676077639002
遵义市,2016-2017,1.3962840841554064e-07,9.324355248349883e-08,1.497459123945867
遵义市,2017-2018,1.2711113345749745,-18007945.983037848,-7.058613657394726e-08
遵义市,2018-2019,6373850.145331442,-0.5208990125493148,-12236249.237903891
遵义市,2019-2020,1.2556675141393825,1.8867675318753923,0.6655125726545047
遵义市,2020-2021,0.9152251462902785,0.6704364568786448,1.3651184044365634
遵义市,2021-2022,1.5798450554822996,1.9144089320451134,0.8252390745976055
遵义市,2022-2023,1.0328423745938506,0.8805178601817386,1.17299423589281
郑州市,2013-2014,0.9926259009945285,1.038831474306914,0.9555215889630098
郑州市,2014-2015,0.9822202966622133,1.2976596904983357,0.7569167046292504
郑州市,2015-2016,0.9661456413118473,0.8987219227188613,1.0750217802510171
郑州市,2016-2017,0.8205520763279319,0.6667734869106898,1.2306309300475227
郑州市,2017-2018,0.7378834611731189,0.7555074758715004,0.9766726137579888
郑州市,2018-2019,1.3717592605396862,1.2819190285914548,1.0700826104804342
郑州市,2019-2020,1.385523416093049,1.4640283017049411,0.9463774808721465
郑州市,2020-2021,0.9851616854577953,1.0002244791531647,0.9849405868289464
郑州市,2021-2022,2.6737690676019863,3.6207579952222,0.7384556137499881
郑州市,2022-2023,1.4527844154208571,1.0000000004852114,1.4527844147159494
重庆市,2013-2014,0.9778632557924438,0.8902831731045853,1.0983732876613295
重庆市,2014-2015,0.9213465887374331,0.859304197753944,1.0722007307140546
重庆市,2015-2016,1.2805600825223546,1.3945241715547703,0.9182774373101358
重庆市,2016-2017,0.9247937660499714,0.886192466645798,1.043558595741936
重庆市,2017-2018,1.0537147448916535,1.2172426733677548,0.8656570854325478
重庆市,2018-2019,0.8469773370485919,0.83324532904906,1.0164801499880036
重庆市,2019-2020,1.0978868964140143,1.1854813150059218,0.9261106712664889
重庆市,2020-2021,1.0687316322526408,1.1186037235541892,0.9554157649832529
重庆市,2021-2022,1.2340278653644337,1.0885251843333794,1.1336695587067755
重庆市,2022-2023,1.0411380677200406,0.9865331753922791,1.055350284906586
金华市,2013-2014,1.068463158064538,1.2379797485146826,0.8630699810287453
金华市,2014-2015,0.9017998854720943,0.7323370421744799,1.2314000706483992
金华市,2015-2016,1.5100044528510104,1.563773938835782,0.9656155633180569
金华市,2016-2017,0.8775331134678185,0.7777662567137968,1.1282735730597964
金华市,2017-2018,0.8791755646864268,1.2097278362099357,0.7267548438340267
金华市,2018-2019,0.8466518131908067,0.6619041407016588,1.2791154506048323
金华市,2019-2020,0.9963793378939793,1.1181360420036712,0.8911074327847378
金华市,2020-2021,1.4041255313185006,2.343389613512544,0.5991856937582968
金华市,2021-2022,0.9323009696827631,0.6398188322291233,1.457132742458728
金华市,2022-2023,1.007781180332724,0.9518704175730743,1.0587377879671918
铜陵市,2013-2014,1.01268902393389,1.0255982813299658,0.9874129494646428
铜陵市,2014-2015,0.8922143614691757,0.9806429748349172,0.909825884001639
铜陵市,2015-2016,1.211749194096646,1.9895883565190433,0.6090451776751981
铜陵市,2016-2017,0.7564788082700679,0.3450260233798354,2.192526815396961
铜陵市,2017-2018,1.0926156326097218,1.1468684915975416,0.9526947863810892
铜陵市,2018-2019,0.9464073192367073,0.7753745880256419,1.2205807797319885
铜陵市,2019-2020,0.9740306988252457,1.0526399757301506,0.9253217826442717
铜陵市,2020-2021,1.0164155947086762,1.1786322708725174,0.86236871314939
铜陵市,2021-2022,0.9892020791992818,0.8639534213867531,1.1449715397983944
铜陵市,2022-2023,1.1136865415559352,1.0175210820884364,1.0945095498858084
镇江市,2013-2014,0.9256639602332039,0.7477321153039989,1.2379620204715494
镇江市,2014-2015,1.2096417048219317,1.7070032133005644,0.7086346969921851
镇江市,2015-2016,1.1268464743291624,1.1154280020080036,1.0102368528498507
镇江市,2016-2017,0.928699871813621,0.7072186377020022,1.3131722246903559
镇江市,2017-2018,1.2047142647259692,1.7292367450624644,0.6966739910922098
镇江市,2018-2019,0.787195447329162,0.4078627877056013,1.930049690871446
镇江市,2019-2020,0.8579486035963122,0.9541421013680733,0.8991832583072936
镇江市,2020-2021,1.063157707973172,1.158581727776231,0.9176372132277498
镇江市,2021-2022,0.9785417935680977,0.9128932795091642,1.0719125833572034
镇江市,2022-2023,1.0081383701272812,1.0467363220376522,0.963125429874036
长春市,2013-2014,1.0075011987467768,1.0137001925031746,0.9938847858545925
长春市,2014-2015,1.5776479026238843,5.464250647255472,0.2887217304748436
长春市,2015-2016,0.6249131428374584,0.2873214680825832,2.1749615404924882
长春市,2016-2017,0.9565646304277817,0.7129754307507735,1.3416516042081637
长春市,2017-2018,0.7827815899331206,0.9248191100188697,0.8464158898242803
长春市,2018-2019,1.3830989251694248,1.27268234237405,1.0867589492829803
长春市,2019-2020,1.8176604764314748,2.708561046130912,0.6710797524862663
长春市,2020-2021,0.8371694541186375,0.4970632371298544,1.6842312840366682
长春市,2021-2022,1.5245415208736648,1.3272080470971264,1.1486831504737685
长春市,2022-2023,1.08475900154388,1.6015125962120906,0.6773340428976705
长沙市,2013-2014,0.9042180390492442,1.6125212416301908,0.5607479862622572
长沙市,2014-2015,0.842595031879869,0.7181323095800192,1.1733144723325963
长沙市,2015-2016,1.6612925612489315,-3304.7761726399835,-0.0005026944260257803
长沙市,2016-2017,0.41981805080482254,-0.00026726372104326454,-1570.800740055784
长沙市,2017-2018,83568631.4737152,111484830.41480304,0.749596435342641
长沙市,2018-2019,0.9827292694095205,0.6869668811365869,1.4305336929541563
长沙市,2019-2020,0.7873503267677057,0.8682874829470998,0.9067853012176553
长沙市,2020-2021,1.091063055127075,1.1508706324419051,0.9480327539612936
长沙市,2021-2022,1.6086121818650614,1.2920532165861291,1.2450045874390114
长沙市,2022-2023,1.0440144356008738,1.0733972210340126,0.9726263634213306
阜阳市,2013-2014,0.9960552255429155,1.0363183466797463,0.961147922097655
阜阳市,2014-2015,6486354.7620014185,8211477.4584884895,0.7899132397052674
阜阳市,2015-2016,1.061990990419012,0.8906975851956711,1.1923137640321664
阜阳市,2016-2017,0.7880353065231284,0.7687255792119968,1.0251191424265151
阜阳市,2017-2018,0.8655032112881851,0.916965739090127,0.9438773711949081
阜阳市,2018-2019,1.1430661619821736,1.0012016185968309,1.1416942809023458
阜阳市,2019-2020,1.1778255642580018,1.7239772080005265,0.6832025149706283
阜阳市,2020-2021,0.9955034701119588,1.052627465405931,0.9457319923987133
阜阳市,2021-2022,0.9574281534146741,0.7925422397265267,1.2080468464936869
阜阳市,2022-2023,1.0358824288969795,1.015202061764535,1.0203706906352217
阳泉市,2013-2014,2.054948631367596,-546.2288853147601,-0.0037620651097267552
阳泉市,2014-2015,0.4837145203016533,-0.0017248599213301392,-280.4369875604931
阳泉市,2015-2016,0.9909243188942929,1.238662177833639,0.7999956215885853
阳泉市,2016-2017,1.019584774423048,0.9584382703280805,1.0637980618971283
阳泉市,2017-2018,1.2722579764446935,-5392287.006488517,-2.3594033012593557e-07
阳泉市,2018-2019,0.8810944965209051,4.899763459653312e-05,17982.388410710093
阳泉市,2019-2020,1.0,1.2168062739745784,0.8218235074788018
阳泉市,2020-2021,5756641.059729764,-43229.353034326174,-133.1650986115549
阳泉市,2021-2022,0.6958177093702578,0.35018906967148694,1.9869772349634034
阳泉市,2022-2023,1.5549328494614618,1.6580767575415758,0.9377930438919818
青岛市,2013-2014,0.9208531826907388,0.9342170244575972,0.9856951421168786
青岛市,2014-2015,1.0250419177467864,1.2695621144292213,0.8073980044746625
青岛市,2015-2016,0.9783693569041828,0.9998999572238608,0.9784672454837823
青岛市,2016-2017,0.8524934052840212,0.6069170502520567,1.4046291909742443
青岛市,2017-2018,1.0896357030134318,1.1701282927912608,0.9312104576278388
青岛市,2018-2019,1.3500654005544424,1.4059072893283504,0.9602805325800782
青岛市,2019-2020,1.8986263591785413,3.0719562214266967,0.6180512423763544
青岛市,2020-2021,0.9801488886214375,1.000000000182137,0.9801488884429161
青岛市,2021-2022,1.0501490470968196,0.9999999966813007,1.0501490505819484
青岛市,2022-2023,1.0464142315263794,0.6064310700351294,1.725528725739205
马鞍山市,2013-2014,0.9975571887029209,3.0680166935661064,0.325147249294596
马鞍山市,2014-2015,0.925697773612888,0.8384554107488219,1.104051284952828
马鞍山市,2015-2016,0.9608196691909279,0.7674852226172756,1.2519064092391823
马鞍山市,2016-2017,5343613.854262511,12547792.923463257,0.42586085751147745
马鞍山市,2017-2018,1.0698318718400528,1.3200624383226867,0.8104403555330422
马鞍山市,2018-2019,1.0206450420563424,0.8271719307762225,1.2338970945237029
马鞍山市,2019-2020,1.0049456811174244,1.1358479390987068,0.8847537126447109
马鞍山市,2020-2021,1.0262148096920254,1.018514117214807,1.0075607125586796
马鞍山市,2021-2022,0.9916925165875085,1.6038502804730361,0.6183198822617163
马鞍山市,2022-2023,1.021129188033967,0.6946791871780063,1.4699291512994623
